group	fill	colour	x	y	clickSelects
773	#FFFFFF	#D3D3D3	-44.95	10.5	1
773	#FFFFFF	#D3D3D3	-44.5	10.95	1
773	#FFFFFF	#D3D3D3	-44.05	10.5	1
773	#FFFFFF	#D3D3D3	-44.5	10.05	1
773	#FFFFFF	#D3D3D3	-44.95	10.5	1
763	#FFFFFF	#D3D3D3	-44.45	11	1
763	#FFFFFF	#D3D3D3	-44	11.45	1
763	#FFFFFF	#D3D3D3	-43.55	11	1
763	#FFFFFF	#D3D3D3	-44	10.55	1
763	#FFFFFF	#D3D3D3	-44.45	11	1
752	#FFFFFF	#D3D3D3	-43.95	11.5	1
752	#FFFFFF	#D3D3D3	-43.5	11.95	1
752	#FFFFFF	#D3D3D3	-43.05	11.5	1
752	#FFFFFF	#D3D3D3	-43.5	11.05	1
752	#FFFFFF	#D3D3D3	-43.95	11.5	1
741	#FFFFFF	#D3D3D3	-43.45	12	1
741	#FFFFFF	#D3D3D3	-43	12.45	1
741	#FFFFFF	#D3D3D3	-42.55	12	1
741	#FFFFFF	#D3D3D3	-43	11.55	1
741	#FFFFFF	#D3D3D3	-43.45	12	1
728	#FFFFFF	#D3D3D3	-42.95	12.5	1
728	#FFFFFF	#D3D3D3	-42.5	12.95	1
728	#FFFFFF	#D3D3D3	-42.05	12.5	1
728	#FFFFFF	#D3D3D3	-42.5	12.05	1
728	#FFFFFF	#D3D3D3	-42.95	12.5	1
716	#FFFFFF	#D3D3D3	-42.45	13	1
716	#FFFFFF	#D3D3D3	-42	13.45	1
716	#FFFFFF	#D3D3D3	-41.55	13	1
716	#FFFFFF	#D3D3D3	-42	12.55	1
716	#FFFFFF	#D3D3D3	-42.45	13	1
703	#FFFFFF	#D3D3D3	-41.95	13.5	1
703	#FFFFFF	#D3D3D3	-41.5	13.95	1
703	#FFFFFF	#D3D3D3	-41.05	13.5	1
703	#FFFFFF	#D3D3D3	-41.5	13.05	1
703	#FFFFFF	#D3D3D3	-41.95	13.5	1
690	#FFFFFF	#D3D3D3	-41.45	14	1
690	#FFFFFF	#D3D3D3	-41	14.45	1
690	#FFFFFF	#D3D3D3	-40.55	14	1
690	#FFFFFF	#D3D3D3	-41	13.55	1
690	#FFFFFF	#D3D3D3	-41.45	14	1
676	#FFFFFF	#D3D3D3	-40.95	14.5	1
676	#FFFFFF	#D3D3D3	-40.5	14.95	1
676	#FFFFFF	#D3D3D3	-40.05	14.5	1
676	#FFFFFF	#D3D3D3	-40.5	14.05	1
676	#FFFFFF	#D3D3D3	-40.95	14.5	1
662	#FFFFFF	#D3D3D3	-40.45	15	1
662	#FFFFFF	#D3D3D3	-40	15.45	1
662	#FFFFFF	#D3D3D3	-39.55	15	1
662	#FFFFFF	#D3D3D3	-40	14.55	1
662	#FFFFFF	#D3D3D3	-40.45	15	1
644	#FFFFFF	#D3D3D3	-39.95	15.5	1
644	#FFFFFF	#D3D3D3	-39.5	15.95	1
644	#FFFFFF	#D3D3D3	-39.05	15.5	1
644	#FFFFFF	#D3D3D3	-39.5	15.05	1
644	#FFFFFF	#D3D3D3	-39.95	15.5	1
628	#FFFFFF	#D3D3D3	-39.45	16	1
628	#FFFFFF	#D3D3D3	-39	16.45	1
628	#FFFFFF	#D3D3D3	-38.55	16	1
628	#FFFFFF	#D3D3D3	-39	15.55	1
628	#FFFFFF	#D3D3D3	-39.45	16	1
612	#FFFFFF	#D3D3D3	-38.95	16.5	1
612	#FFFFFF	#D3D3D3	-38.5	16.95	1
612	#FFFFFF	#D3D3D3	-38.05	16.5	1
612	#FFFFFF	#D3D3D3	-38.5	16.05	1
612	#FFFFFF	#D3D3D3	-38.95	16.5	1
596	#FFFFFF	#D3D3D3	-38.45	17	1
596	#FFFFFF	#D3D3D3	-38	17.45	1
596	#FFFFFF	#D3D3D3	-37.55	17	1
596	#FFFFFF	#D3D3D3	-38	16.55	1
596	#FFFFFF	#D3D3D3	-38.45	17	1
579	#FFFFFF	#D3D3D3	-37.95	17.5	1
579	#FFFFFF	#D3D3D3	-37.5	17.95	1
579	#FFFFFF	#D3D3D3	-37.05	17.5	1
579	#FFFFFF	#D3D3D3	-37.5	17.05	1
579	#FFFFFF	#D3D3D3	-37.95	17.5	1
562	#FFFFFF	#D3D3D3	-37.45	18	1
562	#FFFFFF	#D3D3D3	-37	18.45	1
562	#FFFFFF	#D3D3D3	-36.55	18	1
562	#FFFFFF	#D3D3D3	-37	17.55	1
562	#FFFFFF	#D3D3D3	-37.45	18	1
544	#FFFFFF	#D3D3D3	-36.95	18.5	1
544	#FFFFFF	#D3D3D3	-36.5	18.95	1
544	#FFFFFF	#D3D3D3	-36.05	18.5	1
544	#FFFFFF	#D3D3D3	-36.5	18.05	1
544	#FFFFFF	#D3D3D3	-36.95	18.5	1
526	#FFFFFF	#D3D3D3	-36.45	19	1
526	#FFFFFF	#D3D3D3	-36	19.45	1
526	#FFFFFF	#D3D3D3	-35.55	19	1
526	#FFFFFF	#D3D3D3	-36	18.55	1
526	#FFFFFF	#D3D3D3	-36.45	19	1
507	#FFFFFF	#D3D3D3	-35.95	19.5	1
507	#FFFFFF	#D3D3D3	-35.5	19.95	1
507	#FFFFFF	#D3D3D3	-35.05	19.5	1
507	#FFFFFF	#D3D3D3	-35.5	19.05	1
507	#FFFFFF	#D3D3D3	-35.95	19.5	1
489	#FFFFFF	#D3D3D3	-35.45	20	1
489	#FFFFFF	#D3D3D3	-35	20.45	1
489	#FFFFFF	#D3D3D3	-34.55	20	1
489	#FFFFFF	#D3D3D3	-35	19.55	1
489	#FFFFFF	#D3D3D3	-35.45	20	1
469	#FFFFFF	#D3D3D3	-34.95	20.5	1
469	#FFFFFF	#D3D3D3	-34.5	20.95	1
469	#FFFFFF	#D3D3D3	-34.05	20.5	1
469	#FFFFFF	#D3D3D3	-34.5	20.05	1
469	#FFFFFF	#D3D3D3	-34.95	20.5	1
780	#FFFFFF	#D3D3D3	-44.95	9.5	1
780	#FFFFFF	#D3D3D3	-44.5	9.95	1
780	#FFFFFF	#D3D3D3	-44.05	9.5	1
780	#FFFFFF	#D3D3D3	-44.5	9.05	1
780	#FFFFFF	#D3D3D3	-44.95	9.5	1
762	#FFFFFF	#D3D3D3	-44.45	10	1
762	#FFFFFF	#D3D3D3	-44	10.45	1
762	#FFFFFF	#D3D3D3	-43.55	10	1
762	#FFFFFF	#D3D3D3	-44	9.55	1
762	#FFFFFF	#D3D3D3	-44.45	10	1
751	#FFFFFF	#D3D3D3	-43.95	10.5	1
751	#FFFFFF	#D3D3D3	-43.5	10.95	1
751	#FFFFFF	#D3D3D3	-43.05	10.5	1
751	#FFFFFF	#D3D3D3	-43.5	10.05	1
751	#FFFFFF	#D3D3D3	-43.95	10.5	1
740	#FFFFFF	#D3D3D3	-43.45	11	1
740	#FFFFFF	#D3D3D3	-43	11.45	1
740	#FFFFFF	#D3D3D3	-42.55	11	1
740	#FFFFFF	#D3D3D3	-43	10.55	1
740	#FFFFFF	#D3D3D3	-43.45	11	1
727	#FFFFFF	#D3D3D3	-42.95	11.5	1
727	#FFFFFF	#D3D3D3	-42.5	11.95	1
727	#FFFFFF	#D3D3D3	-42.05	11.5	1
727	#FFFFFF	#D3D3D3	-42.5	11.05	1
727	#FFFFFF	#D3D3D3	-42.95	11.5	1
715	#FFFFFF	#D3D3D3	-42.45	12	1
715	#FFFFFF	#D3D3D3	-42	12.45	1
715	#FFFFFF	#D3D3D3	-41.55	12	1
715	#FFFFFF	#D3D3D3	-42	11.55	1
715	#FFFFFF	#D3D3D3	-42.45	12	1
702	#FFFFFF	#D3D3D3	-41.95	12.5	1
702	#FFFFFF	#D3D3D3	-41.5	12.95	1
702	#FFFFFF	#D3D3D3	-41.05	12.5	1
702	#FFFFFF	#D3D3D3	-41.5	12.05	1
702	#FFFFFF	#D3D3D3	-41.95	12.5	1
689	#FFFFFF	#D3D3D3	-41.45	13	1
689	#FFFFFF	#D3D3D3	-41	13.45	1
689	#FFFFFF	#D3D3D3	-40.55	13	1
689	#FFFFFF	#D3D3D3	-41	12.55	1
689	#FFFFFF	#D3D3D3	-41.45	13	1
675	#FFFFFF	#D3D3D3	-40.95	13.5	1
675	#FFFFFF	#D3D3D3	-40.5	13.95	1
675	#FFFFFF	#D3D3D3	-40.05	13.5	1
675	#FFFFFF	#D3D3D3	-40.5	13.05	1
675	#FFFFFF	#D3D3D3	-40.95	13.5	1
661	#FFFFFF	#D3D3D3	-40.45	14	1
661	#FFFFFF	#D3D3D3	-40	14.45	1
661	#FFFFFF	#D3D3D3	-39.55	14	1
661	#FFFFFF	#D3D3D3	-40	13.55	1
661	#FFFFFF	#D3D3D3	-40.45	14	1
643	#FFFFFF	#D3D3D3	-39.95	14.5	1
643	#FFFFFF	#D3D3D3	-39.5	14.95	1
643	#FFFFFF	#D3D3D3	-39.05	14.5	1
643	#FFFFFF	#D3D3D3	-39.5	14.05	1
643	#FFFFFF	#D3D3D3	-39.95	14.5	1
627	#FFFFFF	#D3D3D3	-39.45	15	1
627	#FFFFFF	#D3D3D3	-39	15.45	1
627	#FFFFFF	#D3D3D3	-38.55	15	1
627	#FFFFFF	#D3D3D3	-39	14.55	1
627	#FFFFFF	#D3D3D3	-39.45	15	1
611	#FFFFFF	#D3D3D3	-38.95	15.5	1
611	#FFFFFF	#D3D3D3	-38.5	15.95	1
611	#FFFFFF	#D3D3D3	-38.05	15.5	1
611	#FFFFFF	#D3D3D3	-38.5	15.05	1
611	#FFFFFF	#D3D3D3	-38.95	15.5	1
595	#FFFFFF	#D3D3D3	-38.45	16	1
595	#FFFFFF	#D3D3D3	-38	16.45	1
595	#FFFFFF	#D3D3D3	-37.55	16	1
595	#FFFFFF	#D3D3D3	-38	15.55	1
595	#FFFFFF	#D3D3D3	-38.45	16	1
578	#FFFFFF	#D3D3D3	-37.95	16.5	1
578	#FFFFFF	#D3D3D3	-37.5	16.95	1
578	#FFFFFF	#D3D3D3	-37.05	16.5	1
578	#FFFFFF	#D3D3D3	-37.5	16.05	1
578	#FFFFFF	#D3D3D3	-37.95	16.5	1
561	#FFFFFF	#D3D3D3	-37.45	17	1
561	#FFFFFF	#D3D3D3	-37	17.45	1
561	#FFFFFF	#D3D3D3	-36.55	17	1
561	#FFFFFF	#D3D3D3	-37	16.55	1
561	#FFFFFF	#D3D3D3	-37.45	17	1
543	#FFFFFF	#D3D3D3	-36.95	17.5	1
543	#FFFFFF	#D3D3D3	-36.5	17.95	1
543	#FFFFFF	#D3D3D3	-36.05	17.5	1
543	#FFFFFF	#D3D3D3	-36.5	17.05	1
543	#FFFFFF	#D3D3D3	-36.95	17.5	1
525	#FFFFFF	#D3D3D3	-36.45	18	1
525	#FFFFFF	#D3D3D3	-36	18.45	1
525	#FFFFFF	#D3D3D3	-35.55	18	1
525	#FFFFFF	#D3D3D3	-36	17.55	1
525	#FFFFFF	#D3D3D3	-36.45	18	1
506	#FFFFFF	#D3D3D3	-35.95	18.5	1
506	#FFFFFF	#D3D3D3	-35.5	18.95	1
506	#FFFFFF	#D3D3D3	-35.05	18.5	1
506	#FFFFFF	#D3D3D3	-35.5	18.05	1
506	#FFFFFF	#D3D3D3	-35.95	18.5	1
487	#FFFFFF	#D3D3D3	-35.45	19	1
487	#FFFFFF	#D3D3D3	-35	19.45	1
487	#FFFFFF	#D3D3D3	-34.55	19	1
487	#FFFFFF	#D3D3D3	-35	18.55	1
487	#FFFFFF	#D3D3D3	-35.45	19	1
467	#FFFFFF	#D3D3D3	-34.95	19.5	1
467	#FFFFFF	#D3D3D3	-34.5	19.95	1
467	#FFFFFF	#D3D3D3	-34.05	19.5	1
467	#FFFFFF	#D3D3D3	-34.5	19.05	1
467	#FFFFFF	#D3D3D3	-34.95	19.5	1
449	#FFFFFF	#D3D3D3	-34.45	20	8
449	#FFFFFF	#D3D3D3	-34	20.45	8
449	#FFFFFF	#D3D3D3	-33.55	20	8
449	#FFFFFF	#D3D3D3	-34	19.55	8
449	#FFFFFF	#D3D3D3	-34.45	20	8
779	#FFFFFF	#D3D3D3	-44.95	8.5	1
779	#FFFFFF	#D3D3D3	-44.5	8.95	1
779	#FFFFFF	#D3D3D3	-44.05	8.5	1
779	#FFFFFF	#D3D3D3	-44.5	8.05	1
779	#FFFFFF	#D3D3D3	-44.95	8.5	1
770	#FFFFFF	#D3D3D3	-44.45	9	1
770	#FFFFFF	#D3D3D3	-44	9.45	1
770	#FFFFFF	#D3D3D3	-43.55	9	1
770	#FFFFFF	#D3D3D3	-44	8.55	1
770	#FFFFFF	#D3D3D3	-44.45	9	1
759	#FFFFFF	#D3D3D3	-43.95	9.5	1
759	#FFFFFF	#D3D3D3	-43.5	9.95	1
759	#FFFFFF	#D3D3D3	-43.05	9.5	1
759	#FFFFFF	#D3D3D3	-43.5	9.05	1
759	#FFFFFF	#D3D3D3	-43.95	9.5	1
739	#FFFFFF	#D3D3D3	-43.45	10	1
739	#FFFFFF	#D3D3D3	-43	10.45	1
739	#FFFFFF	#D3D3D3	-42.55	10	1
739	#FFFFFF	#D3D3D3	-43	9.55	1
739	#FFFFFF	#D3D3D3	-43.45	10	1
726	#FFFFFF	#D3D3D3	-42.95	10.5	1
726	#FFFFFF	#D3D3D3	-42.5	10.95	1
726	#FFFFFF	#D3D3D3	-42.05	10.5	1
726	#FFFFFF	#D3D3D3	-42.5	10.05	1
726	#FFFFFF	#D3D3D3	-42.95	10.5	1
714	#FFFFFF	#D3D3D3	-42.45	11	1
714	#FFFFFF	#D3D3D3	-42	11.45	1
714	#FFFFFF	#D3D3D3	-41.55	11	1
714	#FFFFFF	#D3D3D3	-42	10.55	1
714	#FFFFFF	#D3D3D3	-42.45	11	1
701	#FFFFFF	#D3D3D3	-41.95	11.5	1
701	#FFFFFF	#D3D3D3	-41.5	11.95	1
701	#FFFFFF	#D3D3D3	-41.05	11.5	1
701	#FFFFFF	#D3D3D3	-41.5	11.05	1
701	#FFFFFF	#D3D3D3	-41.95	11.5	1
688	#FFFFFF	#D3D3D3	-41.45	12	1
688	#FFFFFF	#D3D3D3	-41	12.45	1
688	#FFFFFF	#D3D3D3	-40.55	12	1
688	#FFFFFF	#D3D3D3	-41	11.55	1
688	#FFFFFF	#D3D3D3	-41.45	12	1
674	#FFFFFF	#D3D3D3	-40.95	12.5	1
674	#FFFFFF	#D3D3D3	-40.5	12.95	1
674	#FFFFFF	#D3D3D3	-40.05	12.5	1
674	#FFFFFF	#D3D3D3	-40.5	12.05	1
674	#FFFFFF	#D3D3D3	-40.95	12.5	1
660	#FFFFFF	#D3D3D3	-40.45	13	1
660	#FFFFFF	#D3D3D3	-40	13.45	1
660	#FFFFFF	#D3D3D3	-39.55	13	1
660	#FFFFFF	#D3D3D3	-40	12.55	1
660	#FFFFFF	#D3D3D3	-40.45	13	1
642	#FFFFFF	#D3D3D3	-39.95	13.5	1
642	#FFFFFF	#D3D3D3	-39.5	13.95	1
642	#FFFFFF	#D3D3D3	-39.05	13.5	1
642	#FFFFFF	#D3D3D3	-39.5	13.05	1
642	#FFFFFF	#D3D3D3	-39.95	13.5	1
626	#FFFFFF	#D3D3D3	-39.45	14	1
626	#FFFFFF	#D3D3D3	-39	14.45	1
626	#FFFFFF	#D3D3D3	-38.55	14	1
626	#FFFFFF	#D3D3D3	-39	13.55	1
626	#FFFFFF	#D3D3D3	-39.45	14	1
610	#FFFFFF	#D3D3D3	-38.95	14.5	1
610	#FFFFFF	#D3D3D3	-38.5	14.95	1
610	#FFFFFF	#D3D3D3	-38.05	14.5	1
610	#FFFFFF	#D3D3D3	-38.5	14.05	1
610	#FFFFFF	#D3D3D3	-38.95	14.5	1
594	#FFFFFF	#D3D3D3	-38.45	15	1
594	#FFFFFF	#D3D3D3	-38	15.45	1
594	#FFFFFF	#D3D3D3	-37.55	15	1
594	#FFFFFF	#D3D3D3	-38	14.55	1
594	#FFFFFF	#D3D3D3	-38.45	15	1
577	#FFFFFF	#D3D3D3	-37.95	15.5	1
577	#FFFFFF	#D3D3D3	-37.5	15.95	1
577	#FFFFFF	#D3D3D3	-37.05	15.5	1
577	#FFFFFF	#D3D3D3	-37.5	15.05	1
577	#FFFFFF	#D3D3D3	-37.95	15.5	1
560	#FFFFFF	#D3D3D3	-37.45	16	1
560	#FFFFFF	#D3D3D3	-37	16.45	1
560	#FFFFFF	#D3D3D3	-36.55	16	1
560	#FFFFFF	#D3D3D3	-37	15.55	1
560	#FFFFFF	#D3D3D3	-37.45	16	1
542	#FFFFFF	#D3D3D3	-36.95	16.5	1
542	#FFFFFF	#D3D3D3	-36.5	16.95	1
542	#FFFFFF	#D3D3D3	-36.05	16.5	1
542	#FFFFFF	#D3D3D3	-36.5	16.05	1
542	#FFFFFF	#D3D3D3	-36.95	16.5	1
524	#FFFFFF	#D3D3D3	-36.45	17	1
524	#FFFFFF	#D3D3D3	-36	17.45	1
524	#FFFFFF	#D3D3D3	-35.55	17	1
524	#FFFFFF	#D3D3D3	-36	16.55	1
524	#FFFFFF	#D3D3D3	-36.45	17	1
505	#FFFFFF	#D3D3D3	-35.95	17.5	6
505	#FFFFFF	#D3D3D3	-35.5	17.95	6
505	#FFFFFF	#D3D3D3	-35.05	17.5	6
505	#FFFFFF	#D3D3D3	-35.5	17.05	6
505	#FFFFFF	#D3D3D3	-35.95	17.5	6
486	#FFFFFF	#D3D3D3	-35.45	18	15
486	#FFFFFF	#D3D3D3	-35	18.45	15
486	#FFFFFF	#D3D3D3	-34.55	18	15
486	#FFFFFF	#D3D3D3	-35	17.55	15
486	#FFFFFF	#D3D3D3	-35.45	18	15
466	#FFFFFF	#D3D3D3	-34.95	18.5	1
466	#FFFFFF	#D3D3D3	-34.5	18.95	1
466	#FFFFFF	#D3D3D3	-34.05	18.5	1
466	#FFFFFF	#D3D3D3	-34.5	18.05	1
466	#FFFFFF	#D3D3D3	-34.95	18.5	1
447	#FFFFFF	#D3D3D3	-34.45	19	1
447	#FFFFFF	#D3D3D3	-34	19.45	1
447	#FFFFFF	#D3D3D3	-33.55	19	1
447	#FFFFFF	#D3D3D3	-34	18.55	1
447	#FFFFFF	#D3D3D3	-34.45	19	1
428	#FFFFFF	#D3D3D3	-33.95	19.5	8
428	#FFFFFF	#D3D3D3	-33.5	19.95	8
428	#FFFFFF	#D3D3D3	-33.05	19.5	8
428	#FFFFFF	#D3D3D3	-33.5	19.05	8
428	#FFFFFF	#D3D3D3	-33.95	19.5	8
778	#FFFFFF	#D3D3D3	-44.95	7.5	1
778	#FFFFFF	#D3D3D3	-44.5	7.95	1
778	#FFFFFF	#D3D3D3	-44.05	7.5	1
778	#FFFFFF	#D3D3D3	-44.5	7.05	1
778	#FFFFFF	#D3D3D3	-44.95	7.5	1
769	#FFFFFF	#D3D3D3	-44.45	8	1
769	#FFFFFF	#D3D3D3	-44	8.45	1
769	#FFFFFF	#D3D3D3	-43.55	8	1
769	#FFFFFF	#D3D3D3	-44	7.55	1
769	#FFFFFF	#D3D3D3	-44.45	8	1
758	#FFFFFF	#D3D3D3	-43.95	8.5	1
758	#FFFFFF	#D3D3D3	-43.5	8.95	1
758	#FFFFFF	#D3D3D3	-43.05	8.5	1
758	#FFFFFF	#D3D3D3	-43.5	8.05	1
758	#FFFFFF	#D3D3D3	-43.95	8.5	1
748	#FFFFFF	#D3D3D3	-43.45	9	1
748	#FFFFFF	#D3D3D3	-43	9.45	1
748	#FFFFFF	#D3D3D3	-42.55	9	1
748	#FFFFFF	#D3D3D3	-43	8.55	1
748	#FFFFFF	#D3D3D3	-43.45	9	1
736	#FFFFFF	#D3D3D3	-42.95	9.5	1
736	#FFFFFF	#D3D3D3	-42.5	9.95	1
736	#FFFFFF	#D3D3D3	-42.05	9.5	1
736	#FFFFFF	#D3D3D3	-42.5	9.05	1
736	#FFFFFF	#D3D3D3	-42.95	9.5	1
713	#FFFFFF	#D3D3D3	-42.45	10	1
713	#FFFFFF	#D3D3D3	-42	10.45	1
713	#FFFFFF	#D3D3D3	-41.55	10	1
713	#FFFFFF	#D3D3D3	-42	9.55	1
713	#FFFFFF	#D3D3D3	-42.45	10	1
700	#FFFFFF	#D3D3D3	-41.95	10.5	1
700	#FFFFFF	#D3D3D3	-41.5	10.95	1
700	#FFFFFF	#D3D3D3	-41.05	10.5	1
700	#FFFFFF	#D3D3D3	-41.5	10.05	1
700	#FFFFFF	#D3D3D3	-41.95	10.5	1
687	#FFFFFF	#D3D3D3	-41.45	11	1
687	#FFFFFF	#D3D3D3	-41	11.45	1
687	#FFFFFF	#D3D3D3	-40.55	11	1
687	#FFFFFF	#D3D3D3	-41	10.55	1
687	#FFFFFF	#D3D3D3	-41.45	11	1
673	#FFFFFF	#D3D3D3	-40.95	11.5	1
673	#FFFFFF	#D3D3D3	-40.5	11.95	1
673	#FFFFFF	#D3D3D3	-40.05	11.5	1
673	#FFFFFF	#D3D3D3	-40.5	11.05	1
673	#FFFFFF	#D3D3D3	-40.95	11.5	1
659	#FFFFFF	#D3D3D3	-40.45	12	1
659	#FFFFFF	#D3D3D3	-40	12.45	1
659	#FFFFFF	#D3D3D3	-39.55	12	1
659	#FFFFFF	#D3D3D3	-40	11.55	1
659	#FFFFFF	#D3D3D3	-40.45	12	1
641	#FFFFFF	#D3D3D3	-39.95	12.5	1
641	#FFFFFF	#D3D3D3	-39.5	12.95	1
641	#FFFFFF	#D3D3D3	-39.05	12.5	1
641	#FFFFFF	#D3D3D3	-39.5	12.05	1
641	#FFFFFF	#D3D3D3	-39.95	12.5	1
625	#FFFFFF	#D3D3D3	-39.45	13	1
625	#FFFFFF	#D3D3D3	-39	13.45	1
625	#FFFFFF	#D3D3D3	-38.55	13	1
625	#FFFFFF	#D3D3D3	-39	12.55	1
625	#FFFFFF	#D3D3D3	-39.45	13	1
609	#FFFFFF	#D3D3D3	-38.95	13.5	1
609	#FFFFFF	#D3D3D3	-38.5	13.95	1
609	#FFFFFF	#D3D3D3	-38.05	13.5	1
609	#FFFFFF	#D3D3D3	-38.5	13.05	1
609	#FFFFFF	#D3D3D3	-38.95	13.5	1
593	#FFFFFF	#D3D3D3	-38.45	14	1
593	#FFFFFF	#D3D3D3	-38	14.45	1
593	#FFFFFF	#D3D3D3	-37.55	14	1
593	#FFFFFF	#D3D3D3	-38	13.55	1
593	#FFFFFF	#D3D3D3	-38.45	14	1
576	#FFFFFF	#D3D3D3	-37.95	14.5	1
576	#FFFFFF	#D3D3D3	-37.5	14.95	1
576	#FFFFFF	#D3D3D3	-37.05	14.5	1
576	#FFFFFF	#D3D3D3	-37.5	14.05	1
576	#FFFFFF	#D3D3D3	-37.95	14.5	1
559	#FFFFFF	#D3D3D3	-37.45	15	1
559	#FFFFFF	#D3D3D3	-37	15.45	1
559	#FFFFFF	#D3D3D3	-36.55	15	1
559	#FFFFFF	#D3D3D3	-37	14.55	1
559	#FFFFFF	#D3D3D3	-37.45	15	1
541	#FFFFFF	#D3D3D3	-36.95	15.5	1
541	#FFFFFF	#D3D3D3	-36.5	15.95	1
541	#FFFFFF	#D3D3D3	-36.05	15.5	1
541	#FFFFFF	#D3D3D3	-36.5	15.05	1
541	#FFFFFF	#D3D3D3	-36.95	15.5	1
523	#FFFFFF	#D3D3D3	-36.45	16	1
523	#FFFFFF	#D3D3D3	-36	16.45	1
523	#FFFFFF	#D3D3D3	-35.55	16	1
523	#FFFFFF	#D3D3D3	-36	15.55	1
523	#FFFFFF	#D3D3D3	-36.45	16	1
504	#FFFFFF	#D3D3D3	-35.95	16.5	1
504	#FFFFFF	#D3D3D3	-35.5	16.95	1
504	#FFFFFF	#D3D3D3	-35.05	16.5	1
504	#FFFFFF	#D3D3D3	-35.5	16.05	1
504	#FFFFFF	#D3D3D3	-35.95	16.5	1
485	#FFFFFF	#D3D3D3	-35.45	17	6
485	#FFFFFF	#D3D3D3	-35	17.45	6
485	#FFFFFF	#D3D3D3	-34.55	17	6
485	#FFFFFF	#D3D3D3	-35	16.55	6
485	#FFFFFF	#D3D3D3	-35.45	17	6
465	#FFFFFF	#D3D3D3	-34.95	17.5	16
465	#FFFFFF	#D3D3D3	-34.5	17.95	16
465	#FFFFFF	#D3D3D3	-34.05	17.5	16
465	#FFFFFF	#D3D3D3	-34.5	17.05	16
465	#FFFFFF	#D3D3D3	-34.95	17.5	16
446	#FFFFFF	#D3D3D3	-34.45	18	1
446	#FFFFFF	#D3D3D3	-34	18.45	1
446	#FFFFFF	#D3D3D3	-33.55	18	1
446	#FFFFFF	#D3D3D3	-34	17.55	1
446	#FFFFFF	#D3D3D3	-34.45	18	1
427	#FFFFFF	#D3D3D3	-33.95	18.5	1
427	#FFFFFF	#D3D3D3	-33.5	18.95	1
427	#FFFFFF	#D3D3D3	-33.05	18.5	1
427	#FFFFFF	#D3D3D3	-33.5	18.05	1
427	#FFFFFF	#D3D3D3	-33.95	18.5	1
409	#FFFFFF	#D3D3D3	-33.45	19	1
409	#FFFFFF	#D3D3D3	-33	19.45	1
409	#FFFFFF	#D3D3D3	-32.55	19	1
409	#FFFFFF	#D3D3D3	-33	18.55	1
409	#FFFFFF	#D3D3D3	-33.45	19	1
777	#FFFFFF	#D3D3D3	-44.95	6.5	1
777	#FFFFFF	#D3D3D3	-44.5	6.95	1
777	#FFFFFF	#D3D3D3	-44.05	6.5	1
777	#FFFFFF	#D3D3D3	-44.5	6.05	1
777	#FFFFFF	#D3D3D3	-44.95	6.5	1
768	#FFFFFF	#D3D3D3	-44.45	7	1
768	#FFFFFF	#D3D3D3	-44	7.45	1
768	#FFFFFF	#D3D3D3	-43.55	7	1
768	#FFFFFF	#D3D3D3	-44	6.55	1
768	#FFFFFF	#D3D3D3	-44.45	7	1
757	#FFFFFF	#D3D3D3	-43.95	7.5	1
757	#FFFFFF	#D3D3D3	-43.5	7.95	1
757	#FFFFFF	#D3D3D3	-43.05	7.5	1
757	#FFFFFF	#D3D3D3	-43.5	7.05	1
757	#FFFFFF	#D3D3D3	-43.95	7.5	1
747	#FFFFFF	#D3D3D3	-43.45	8	1
747	#FFFFFF	#D3D3D3	-43	8.45	1
747	#FFFFFF	#D3D3D3	-42.55	8	1
747	#FFFFFF	#D3D3D3	-43	7.55	1
747	#FFFFFF	#D3D3D3	-43.45	8	1
735	#FFFFFF	#D3D3D3	-42.95	8.5	1
735	#FFFFFF	#D3D3D3	-42.5	8.95	1
735	#FFFFFF	#D3D3D3	-42.05	8.5	1
735	#FFFFFF	#D3D3D3	-42.5	8.05	1
735	#FFFFFF	#D3D3D3	-42.95	8.5	1
723	#FFFFFF	#D3D3D3	-42.45	9	1
723	#FFFFFF	#D3D3D3	-42	9.45	1
723	#FFFFFF	#D3D3D3	-41.55	9	1
723	#FFFFFF	#D3D3D3	-42	8.55	1
723	#FFFFFF	#D3D3D3	-42.45	9	1
710	#FFFFFF	#D3D3D3	-41.95	9.5	1
710	#FFFFFF	#D3D3D3	-41.5	9.95	1
710	#FFFFFF	#D3D3D3	-41.05	9.5	1
710	#FFFFFF	#D3D3D3	-41.5	9.05	1
710	#FFFFFF	#D3D3D3	-41.95	9.5	1
686	#FFFFFF	#D3D3D3	-41.45	10	1
686	#FFFFFF	#D3D3D3	-41	10.45	1
686	#FFFFFF	#D3D3D3	-40.55	10	1
686	#FFFFFF	#D3D3D3	-41	9.55	1
686	#FFFFFF	#D3D3D3	-41.45	10	1
672	#FFFFFF	#D3D3D3	-40.95	10.5	1
672	#FFFFFF	#D3D3D3	-40.5	10.95	1
672	#FFFFFF	#D3D3D3	-40.05	10.5	1
672	#FFFFFF	#D3D3D3	-40.5	10.05	1
672	#FFFFFF	#D3D3D3	-40.95	10.5	1
658	#FFFFFF	#D3D3D3	-40.45	11	1
658	#FFFFFF	#D3D3D3	-40	11.45	1
658	#FFFFFF	#D3D3D3	-39.55	11	1
658	#FFFFFF	#D3D3D3	-40	10.55	1
658	#FFFFFF	#D3D3D3	-40.45	11	1
640	#FFFFFF	#D3D3D3	-39.95	11.5	1
640	#FFFFFF	#D3D3D3	-39.5	11.95	1
640	#FFFFFF	#D3D3D3	-39.05	11.5	1
640	#FFFFFF	#D3D3D3	-39.5	11.05	1
640	#FFFFFF	#D3D3D3	-39.95	11.5	1
624	#FFFFFF	#D3D3D3	-39.45	12	1
624	#FFFFFF	#D3D3D3	-39	12.45	1
624	#FFFFFF	#D3D3D3	-38.55	12	1
624	#FFFFFF	#D3D3D3	-39	11.55	1
624	#FFFFFF	#D3D3D3	-39.45	12	1
608	#FFFFFF	#D3D3D3	-38.95	12.5	1
608	#FFFFFF	#D3D3D3	-38.5	12.95	1
608	#FFFFFF	#D3D3D3	-38.05	12.5	1
608	#FFFFFF	#D3D3D3	-38.5	12.05	1
608	#FFFFFF	#D3D3D3	-38.95	12.5	1
592	#FFFFFF	#D3D3D3	-38.45	13	1
592	#FFFFFF	#D3D3D3	-38	13.45	1
592	#FFFFFF	#D3D3D3	-37.55	13	1
592	#FFFFFF	#D3D3D3	-38	12.55	1
592	#FFFFFF	#D3D3D3	-38.45	13	1
575	#FFFFFF	#D3D3D3	-37.95	13.5	1
575	#FFFFFF	#D3D3D3	-37.5	13.95	1
575	#FFFFFF	#D3D3D3	-37.05	13.5	1
575	#FFFFFF	#D3D3D3	-37.5	13.05	1
575	#FFFFFF	#D3D3D3	-37.95	13.5	1
558	#FFFFFF	#D3D3D3	-37.45	14	1
558	#FFFFFF	#D3D3D3	-37	14.45	1
558	#FFFFFF	#D3D3D3	-36.55	14	1
558	#FFFFFF	#D3D3D3	-37	13.55	1
558	#FFFFFF	#D3D3D3	-37.45	14	1
540	#FFFFFF	#D3D3D3	-36.95	14.5	1
540	#FFFFFF	#D3D3D3	-36.5	14.95	1
540	#FFFFFF	#D3D3D3	-36.05	14.5	1
540	#FFFFFF	#D3D3D3	-36.5	14.05	1
540	#FFFFFF	#D3D3D3	-36.95	14.5	1
522	#FFFFFF	#D3D3D3	-36.45	15	1
522	#FFFFFF	#D3D3D3	-36	15.45	1
522	#FFFFFF	#D3D3D3	-35.55	15	1
522	#FFFFFF	#D3D3D3	-36	14.55	1
522	#FFFFFF	#D3D3D3	-36.45	15	1
503	#FFFFFF	#D3D3D3	-35.95	15.5	1
503	#FFFFFF	#D3D3D3	-35.5	15.95	1
503	#FFFFFF	#D3D3D3	-35.05	15.5	1
503	#FFFFFF	#D3D3D3	-35.5	15.05	1
503	#FFFFFF	#D3D3D3	-35.95	15.5	1
484	#FFFFFF	#D3D3D3	-35.45	16	1
484	#FFFFFF	#D3D3D3	-35	16.45	1
484	#FFFFFF	#D3D3D3	-34.55	16	1
484	#FFFFFF	#D3D3D3	-35	15.55	1
484	#FFFFFF	#D3D3D3	-35.45	16	1
464	#FFFFFF	#D3D3D3	-34.95	16.5	1
464	#FFFFFF	#D3D3D3	-34.5	16.95	1
464	#FFFFFF	#D3D3D3	-34.05	16.5	1
464	#FFFFFF	#D3D3D3	-34.5	16.05	1
464	#FFFFFF	#D3D3D3	-34.95	16.5	1
445	#FFFFFF	#D3D3D3	-34.45	17	1
445	#FFFFFF	#D3D3D3	-34	17.45	1
445	#FFFFFF	#D3D3D3	-33.55	17	1
445	#FFFFFF	#D3D3D3	-34	16.55	1
445	#FFFFFF	#D3D3D3	-34.45	17	1
426	#FFFFFF	#D3D3D3	-33.95	17.5	1
426	#FFFFFF	#D3D3D3	-33.5	17.95	1
426	#FFFFFF	#D3D3D3	-33.05	17.5	1
426	#FFFFFF	#D3D3D3	-33.5	17.05	1
426	#FFFFFF	#D3D3D3	-33.95	17.5	1
408	#FFFFFF	#D3D3D3	-33.45	18	1
408	#FFFFFF	#D3D3D3	-33	18.45	1
408	#FFFFFF	#D3D3D3	-32.55	18	1
408	#FFFFFF	#D3D3D3	-33	17.55	1
408	#FFFFFF	#D3D3D3	-33.45	18	1
390	#FFFFFF	#D3D3D3	-32.95	18.5	1
390	#FFFFFF	#D3D3D3	-32.5	18.95	1
390	#FFFFFF	#D3D3D3	-32.05	18.5	1
390	#FFFFFF	#D3D3D3	-32.5	18.05	1
390	#FFFFFF	#D3D3D3	-32.95	18.5	1
776	#FFFFFF	#D3D3D3	-44.95	5.5	1
776	#FFFFFF	#D3D3D3	-44.5	5.95	1
776	#FFFFFF	#D3D3D3	-44.05	5.5	1
776	#FFFFFF	#D3D3D3	-44.5	5.05	1
776	#FFFFFF	#D3D3D3	-44.95	5.5	1
767	#FFFFFF	#D3D3D3	-44.45	6	1
767	#FFFFFF	#D3D3D3	-44	6.45	1
767	#FFFFFF	#D3D3D3	-43.55	6	1
767	#FFFFFF	#D3D3D3	-44	5.55	1
767	#FFFFFF	#D3D3D3	-44.45	6	1
756	#FFFFFF	#D3D3D3	-43.95	6.5	1
756	#FFFFFF	#D3D3D3	-43.5	6.95	1
756	#FFFFFF	#D3D3D3	-43.05	6.5	1
756	#FFFFFF	#D3D3D3	-43.5	6.05	1
756	#FFFFFF	#D3D3D3	-43.95	6.5	1
746	#FFFFFF	#D3D3D3	-43.45	7	1
746	#FFFFFF	#D3D3D3	-43	7.45	1
746	#FFFFFF	#D3D3D3	-42.55	7	1
746	#FFFFFF	#D3D3D3	-43	6.55	1
746	#FFFFFF	#D3D3D3	-43.45	7	1
734	#FFFFFF	#D3D3D3	-42.95	7.5	1
734	#FFFFFF	#D3D3D3	-42.5	7.95	1
734	#FFFFFF	#D3D3D3	-42.05	7.5	1
734	#FFFFFF	#D3D3D3	-42.5	7.05	1
734	#FFFFFF	#D3D3D3	-42.95	7.5	1
722	#FFFFFF	#D3D3D3	-42.45	8	1
722	#FFFFFF	#D3D3D3	-42	8.45	1
722	#FFFFFF	#D3D3D3	-41.55	8	1
722	#FFFFFF	#D3D3D3	-42	7.55	1
722	#FFFFFF	#D3D3D3	-42.45	8	1
709	#FFFFFF	#D3D3D3	-41.95	8.5	1
709	#FFFFFF	#D3D3D3	-41.5	8.95	1
709	#FFFFFF	#D3D3D3	-41.05	8.5	1
709	#FFFFFF	#D3D3D3	-41.5	8.05	1
709	#FFFFFF	#D3D3D3	-41.95	8.5	1
697	#FFFFFF	#D3D3D3	-41.45	9	1
697	#FFFFFF	#D3D3D3	-41	9.45	1
697	#FFFFFF	#D3D3D3	-40.55	9	1
697	#FFFFFF	#D3D3D3	-41	8.55	1
697	#FFFFFF	#D3D3D3	-41.45	9	1
683	#FFFFFF	#D3D3D3	-40.95	9.5	1
683	#FFFFFF	#D3D3D3	-40.5	9.95	1
683	#FFFFFF	#D3D3D3	-40.05	9.5	1
683	#FFFFFF	#D3D3D3	-40.5	9.05	1
683	#FFFFFF	#D3D3D3	-40.95	9.5	1
657	#FFFFFF	#D3D3D3	-40.45	10	1
657	#FFFFFF	#D3D3D3	-40	10.45	1
657	#FFFFFF	#D3D3D3	-39.55	10	1
657	#FFFFFF	#D3D3D3	-40	9.55	1
657	#FFFFFF	#D3D3D3	-40.45	10	1
639	#FFFFFF	#D3D3D3	-39.95	10.5	1
639	#FFFFFF	#D3D3D3	-39.5	10.95	1
639	#FFFFFF	#D3D3D3	-39.05	10.5	1
639	#FFFFFF	#D3D3D3	-39.5	10.05	1
639	#FFFFFF	#D3D3D3	-39.95	10.5	1
623	#FFFFFF	#D3D3D3	-39.45	11	1
623	#FFFFFF	#D3D3D3	-39	11.45	1
623	#FFFFFF	#D3D3D3	-38.55	11	1
623	#FFFFFF	#D3D3D3	-39	10.55	1
623	#FFFFFF	#D3D3D3	-39.45	11	1
607	#FFFFFF	#D3D3D3	-38.95	11.5	1
607	#FFFFFF	#D3D3D3	-38.5	11.95	1
607	#FFFFFF	#D3D3D3	-38.05	11.5	1
607	#FFFFFF	#D3D3D3	-38.5	11.05	1
607	#FFFFFF	#D3D3D3	-38.95	11.5	1
591	#FFFFFF	#D3D3D3	-38.45	12	1
591	#FFFFFF	#D3D3D3	-38	12.45	1
591	#FFFFFF	#D3D3D3	-37.55	12	1
591	#FFFFFF	#D3D3D3	-38	11.55	1
591	#FFFFFF	#D3D3D3	-38.45	12	1
574	#FFFFFF	#D3D3D3	-37.95	12.5	1
574	#FFFFFF	#D3D3D3	-37.5	12.95	1
574	#FFFFFF	#D3D3D3	-37.05	12.5	1
574	#FFFFFF	#D3D3D3	-37.5	12.05	1
574	#FFFFFF	#D3D3D3	-37.95	12.5	1
557	#FFFFFF	#D3D3D3	-37.45	13	1
557	#FFFFFF	#D3D3D3	-37	13.45	1
557	#FFFFFF	#D3D3D3	-36.55	13	1
557	#FFFFFF	#D3D3D3	-37	12.55	1
557	#FFFFFF	#D3D3D3	-37.45	13	1
539	#FFFFFF	#D3D3D3	-36.95	13.5	1
539	#FFFFFF	#D3D3D3	-36.5	13.95	1
539	#FFFFFF	#D3D3D3	-36.05	13.5	1
539	#FFFFFF	#D3D3D3	-36.5	13.05	1
539	#FFFFFF	#D3D3D3	-36.95	13.5	1
521	#FFFFFF	#D3D3D3	-36.45	14	1
521	#FFFFFF	#D3D3D3	-36	14.45	1
521	#FFFFFF	#D3D3D3	-35.55	14	1
521	#FFFFFF	#D3D3D3	-36	13.55	1
521	#FFFFFF	#D3D3D3	-36.45	14	1
502	#FFFFFF	#D3D3D3	-35.95	14.5	1
502	#FFFFFF	#D3D3D3	-35.5	14.95	1
502	#FFFFFF	#D3D3D3	-35.05	14.5	1
502	#FFFFFF	#D3D3D3	-35.5	14.05	1
502	#FFFFFF	#D3D3D3	-35.95	14.5	1
483	#FFFFFF	#D3D3D3	-35.45	15	1
483	#FFFFFF	#D3D3D3	-35	15.45	1
483	#FFFFFF	#D3D3D3	-34.55	15	1
483	#FFFFFF	#D3D3D3	-35	14.55	1
483	#FFFFFF	#D3D3D3	-35.45	15	1
463	#FFFFFF	#D3D3D3	-34.95	15.5	1
463	#FFFFFF	#D3D3D3	-34.5	15.95	1
463	#FFFFFF	#D3D3D3	-34.05	15.5	1
463	#FFFFFF	#D3D3D3	-34.5	15.05	1
463	#FFFFFF	#D3D3D3	-34.95	15.5	1
444	#FFFFFF	#D3D3D3	-34.45	16	1
444	#FFFFFF	#D3D3D3	-34	16.45	1
444	#FFFFFF	#D3D3D3	-33.55	16	1
444	#FFFFFF	#D3D3D3	-34	15.55	1
444	#FFFFFF	#D3D3D3	-34.45	16	1
425	#FFFFFF	#D3D3D3	-33.95	16.5	1
425	#FFFFFF	#D3D3D3	-33.5	16.95	1
425	#FFFFFF	#D3D3D3	-33.05	16.5	1
425	#FFFFFF	#D3D3D3	-33.5	16.05	1
425	#FFFFFF	#D3D3D3	-33.95	16.5	1
407	#FFFFFF	#D3D3D3	-33.45	17	1
407	#FFFFFF	#D3D3D3	-33	17.45	1
407	#FFFFFF	#D3D3D3	-32.55	17	1
407	#FFFFFF	#D3D3D3	-33	16.55	1
407	#FFFFFF	#D3D3D3	-33.45	17	1
389	#FFFFFF	#D3D3D3	-32.95	17.5	1
389	#FFFFFF	#D3D3D3	-32.5	17.95	1
389	#FFFFFF	#D3D3D3	-32.05	17.5	1
389	#FFFFFF	#D3D3D3	-32.5	17.05	1
389	#FFFFFF	#D3D3D3	-32.95	17.5	1
372	#FFFFFF	#D3D3D3	-32.45	18	1
372	#FFFFFF	#D3D3D3	-32	18.45	1
372	#FFFFFF	#D3D3D3	-31.55	18	1
372	#FFFFFF	#D3D3D3	-32	17.55	1
372	#FFFFFF	#D3D3D3	-32.45	18	1
733	#FFFFFF	#D3D3D3	-42.95	6.5	13
733	#FFFFFF	#D3D3D3	-42.5	6.95	13
733	#FFFFFF	#D3D3D3	-42.05	6.5	13
733	#FFFFFF	#D3D3D3	-42.5	6.05	13
733	#FFFFFF	#D3D3D3	-42.95	6.5	13
775	#FFFFFF	#D3D3D3	-44.95	3.5	1
775	#FFFFFF	#D3D3D3	-44.5	3.95	1
775	#FFFFFF	#D3D3D3	-44.05	3.5	1
775	#FFFFFF	#D3D3D3	-44.5	3.05	1
775	#FFFFFF	#D3D3D3	-44.95	3.5	1
766	#FFFFFF	#D3D3D3	-44.45	4	1
766	#FFFFFF	#D3D3D3	-44	4.45	1
766	#FFFFFF	#D3D3D3	-43.55	4	1
766	#FFFFFF	#D3D3D3	-44	3.55	1
766	#FFFFFF	#D3D3D3	-44.45	4	1
755	#FFFFFF	#D3D3D3	-43.95	4.5	1
755	#FFFFFF	#D3D3D3	-43.5	4.95	1
755	#FFFFFF	#D3D3D3	-43.05	4.5	1
755	#FFFFFF	#D3D3D3	-43.5	4.05	1
755	#FFFFFF	#D3D3D3	-43.95	4.5	1
745	#FFFFFF	#D3D3D3	-43.45	5	1
745	#FFFFFF	#D3D3D3	-43	5.45	1
745	#FFFFFF	#D3D3D3	-42.55	5	1
745	#FFFFFF	#D3D3D3	-43	4.55	1
745	#FFFFFF	#D3D3D3	-43.45	5	1
732	#FFFFFF	#D3D3D3	-42.95	5.5	1
732	#FFFFFF	#D3D3D3	-42.5	5.95	1
732	#FFFFFF	#D3D3D3	-42.05	5.5	1
732	#FFFFFF	#D3D3D3	-42.5	5.05	1
732	#FFFFFF	#D3D3D3	-42.95	5.5	1
721	#FFFFFF	#D3D3D3	-42.45	6	1
721	#FFFFFF	#D3D3D3	-42	6.45	1
721	#FFFFFF	#D3D3D3	-41.55	6	1
721	#FFFFFF	#D3D3D3	-42	5.55	1
721	#FFFFFF	#D3D3D3	-42.45	6	1
708	#FFFFFF	#D3D3D3	-41.95	6.5	1
708	#FFFFFF	#D3D3D3	-41.5	6.95	1
708	#FFFFFF	#D3D3D3	-41.05	6.5	1
708	#FFFFFF	#D3D3D3	-41.5	6.05	1
708	#FFFFFF	#D3D3D3	-41.95	6.5	1
696	#FFFFFF	#D3D3D3	-41.45	7	1
696	#FFFFFF	#D3D3D3	-41	7.45	1
696	#FFFFFF	#D3D3D3	-40.55	7	1
696	#FFFFFF	#D3D3D3	-41	6.55	1
696	#FFFFFF	#D3D3D3	-41.45	7	1
682	#FFFFFF	#D3D3D3	-40.95	7.5	1
682	#FFFFFF	#D3D3D3	-40.5	7.95	1
682	#FFFFFF	#D3D3D3	-40.05	7.5	1
682	#FFFFFF	#D3D3D3	-40.5	7.05	1
682	#FFFFFF	#D3D3D3	-40.95	7.5	1
669	#FFFFFF	#D3D3D3	-40.45	8	1
669	#FFFFFF	#D3D3D3	-40	8.45	1
669	#FFFFFF	#D3D3D3	-39.55	8	1
669	#FFFFFF	#D3D3D3	-40	7.55	1
669	#FFFFFF	#D3D3D3	-40.45	8	1
651	#FFFFFF	#D3D3D3	-39.95	8.5	1
651	#FFFFFF	#D3D3D3	-39.5	8.95	1
651	#FFFFFF	#D3D3D3	-39.05	8.5	1
651	#FFFFFF	#D3D3D3	-39.5	8.05	1
651	#FFFFFF	#D3D3D3	-39.95	8.5	1
636	#FFFFFF	#D3D3D3	-39.45	9	1
636	#FFFFFF	#D3D3D3	-39	9.45	1
636	#FFFFFF	#D3D3D3	-38.55	9	1
636	#FFFFFF	#D3D3D3	-39	8.55	1
636	#FFFFFF	#D3D3D3	-39.45	9	1
620	#FFFFFF	#D3D3D3	-38.95	9.5	1
620	#FFFFFF	#D3D3D3	-38.5	9.95	1
620	#FFFFFF	#D3D3D3	-38.05	9.5	1
620	#FFFFFF	#D3D3D3	-38.5	9.05	1
620	#FFFFFF	#D3D3D3	-38.95	9.5	1
590	#FFFFFF	#D3D3D3	-38.45	10	1
590	#FFFFFF	#D3D3D3	-38	10.45	1
590	#FFFFFF	#D3D3D3	-37.55	10	1
590	#FFFFFF	#D3D3D3	-38	9.55	1
590	#FFFFFF	#D3D3D3	-38.45	10	1
573	#FFFFFF	#D3D3D3	-37.95	10.5	1
573	#FFFFFF	#D3D3D3	-37.5	10.95	1
573	#FFFFFF	#D3D3D3	-37.05	10.5	1
573	#FFFFFF	#D3D3D3	-37.5	10.05	1
573	#FFFFFF	#D3D3D3	-37.95	10.5	1
556	#FFFFFF	#D3D3D3	-37.45	11	1
556	#FFFFFF	#D3D3D3	-37	11.45	1
556	#FFFFFF	#D3D3D3	-36.55	11	1
556	#FFFFFF	#D3D3D3	-37	10.55	1
556	#FFFFFF	#D3D3D3	-37.45	11	1
538	#FFFFFF	#D3D3D3	-36.95	11.5	1
538	#FFFFFF	#D3D3D3	-36.5	11.95	1
538	#FFFFFF	#D3D3D3	-36.05	11.5	1
538	#FFFFFF	#D3D3D3	-36.5	11.05	1
538	#FFFFFF	#D3D3D3	-36.95	11.5	1
520	#FFFFFF	#D3D3D3	-36.45	12	1
520	#FFFFFF	#D3D3D3	-36	12.45	1
520	#FFFFFF	#D3D3D3	-35.55	12	1
520	#FFFFFF	#D3D3D3	-36	11.55	1
520	#FFFFFF	#D3D3D3	-36.45	12	1
501	#FFFFFF	#D3D3D3	-35.95	12.5	1
501	#FFFFFF	#D3D3D3	-35.5	12.95	1
501	#FFFFFF	#D3D3D3	-35.05	12.5	1
501	#FFFFFF	#D3D3D3	-35.5	12.05	1
501	#FFFFFF	#D3D3D3	-35.95	12.5	1
482	#FFFFFF	#D3D3D3	-35.45	13	1
482	#FFFFFF	#D3D3D3	-35	13.45	1
482	#FFFFFF	#D3D3D3	-34.55	13	1
482	#FFFFFF	#D3D3D3	-35	12.55	1
482	#FFFFFF	#D3D3D3	-35.45	13	1
462	#FFFFFF	#D3D3D3	-34.95	13.5	1
462	#FFFFFF	#D3D3D3	-34.5	13.95	1
462	#FFFFFF	#D3D3D3	-34.05	13.5	1
462	#FFFFFF	#D3D3D3	-34.5	13.05	1
462	#FFFFFF	#D3D3D3	-34.95	13.5	1
443	#FFFFFF	#D3D3D3	-34.45	14	1
443	#FFFFFF	#D3D3D3	-34	14.45	1
443	#FFFFFF	#D3D3D3	-33.55	14	1
443	#FFFFFF	#D3D3D3	-34	13.55	1
443	#FFFFFF	#D3D3D3	-34.45	14	1
424	#FFFFFF	#D3D3D3	-33.95	14.5	1
424	#FFFFFF	#D3D3D3	-33.5	14.95	1
424	#FFFFFF	#D3D3D3	-33.05	14.5	1
424	#FFFFFF	#D3D3D3	-33.5	14.05	1
424	#FFFFFF	#D3D3D3	-33.95	14.5	1
406	#FFFFFF	#D3D3D3	-33.45	15	1
406	#FFFFFF	#D3D3D3	-33	15.45	1
406	#FFFFFF	#D3D3D3	-32.55	15	1
406	#FFFFFF	#D3D3D3	-33	14.55	1
406	#FFFFFF	#D3D3D3	-33.45	15	1
388	#FFFFFF	#D3D3D3	-32.95	15.5	12
388	#FFFFFF	#D3D3D3	-32.5	15.95	12
388	#FFFFFF	#D3D3D3	-32.05	15.5	12
388	#FFFFFF	#D3D3D3	-32.5	15.05	12
388	#FFFFFF	#D3D3D3	-32.95	15.5	12
371	#FFFFFF	#D3D3D3	-32.45	16	1
371	#FFFFFF	#D3D3D3	-32	16.45	1
371	#FFFFFF	#D3D3D3	-31.55	16	1
371	#FFFFFF	#D3D3D3	-32	15.55	1
371	#FFFFFF	#D3D3D3	-32.45	16	1
354	#FFFFFF	#D3D3D3	-31.95	16.5	17
354	#FFFFFF	#D3D3D3	-31.5	16.95	17
354	#FFFFFF	#D3D3D3	-31.05	16.5	17
354	#FFFFFF	#D3D3D3	-31.5	16.05	17
354	#FFFFFF	#D3D3D3	-31.95	16.5	17
337	#FFFFFF	#D3D3D3	-31.45	17	1
337	#FFFFFF	#D3D3D3	-31	17.45	1
337	#FFFFFF	#D3D3D3	-30.55	17	1
337	#FFFFFF	#D3D3D3	-31	16.55	1
337	#FFFFFF	#D3D3D3	-31.45	17	1
774	#CD1076	#000000	-44.95	2.5	5
774	#CD1076	#000000	-44.5	2.95	5
774	#CD1076	#000000	-44.05	2.5	5
774	#CD1076	#000000	-44.5	2.05	5
774	#CD1076	#000000	-44.95	2.5	5
765	#FFFFFF	#D3D3D3	-44.45	3	1
765	#FFFFFF	#D3D3D3	-44	3.45	1
765	#FFFFFF	#D3D3D3	-43.55	3	1
765	#FFFFFF	#D3D3D3	-44	2.55	1
765	#FFFFFF	#D3D3D3	-44.45	3	1
754	#FFFFFF	#D3D3D3	-43.95	3.5	1
754	#FFFFFF	#D3D3D3	-43.5	3.95	1
754	#FFFFFF	#D3D3D3	-43.05	3.5	1
754	#FFFFFF	#D3D3D3	-43.5	3.05	1
754	#FFFFFF	#D3D3D3	-43.95	3.5	1
744	#FFFFFF	#D3D3D3	-43.45	4	1
744	#FFFFFF	#D3D3D3	-43	4.45	1
744	#FFFFFF	#D3D3D3	-42.55	4	1
744	#FFFFFF	#D3D3D3	-43	3.55	1
744	#FFFFFF	#D3D3D3	-43.45	4	1
731	#FFFFFF	#D3D3D3	-42.95	4.5	1
731	#FFFFFF	#D3D3D3	-42.5	4.95	1
731	#FFFFFF	#D3D3D3	-42.05	4.5	1
731	#FFFFFF	#D3D3D3	-42.5	4.05	1
731	#FFFFFF	#D3D3D3	-42.95	4.5	1
720	#FFFFFF	#D3D3D3	-42.45	5	1
720	#FFFFFF	#D3D3D3	-42	5.45	1
720	#FFFFFF	#D3D3D3	-41.55	5	1
720	#FFFFFF	#D3D3D3	-42	4.55	1
720	#FFFFFF	#D3D3D3	-42.45	5	1
707	#FFFFFF	#D3D3D3	-41.95	5.5	1
707	#FFFFFF	#D3D3D3	-41.5	5.95	1
707	#FFFFFF	#D3D3D3	-41.05	5.5	1
707	#FFFFFF	#D3D3D3	-41.5	5.05	1
707	#FFFFFF	#D3D3D3	-41.95	5.5	1
695	#FFFFFF	#D3D3D3	-41.45	6	1
695	#FFFFFF	#D3D3D3	-41	6.45	1
695	#FFFFFF	#D3D3D3	-40.55	6	1
695	#FFFFFF	#D3D3D3	-41	5.55	1
695	#FFFFFF	#D3D3D3	-41.45	6	1
681	#FFFFFF	#D3D3D3	-40.95	6.5	1
681	#FFFFFF	#D3D3D3	-40.5	6.95	1
681	#FFFFFF	#D3D3D3	-40.05	6.5	1
681	#FFFFFF	#D3D3D3	-40.5	6.05	1
681	#FFFFFF	#D3D3D3	-40.95	6.5	1
668	#FFFFFF	#D3D3D3	-40.45	7	1
668	#FFFFFF	#D3D3D3	-40	7.45	1
668	#FFFFFF	#D3D3D3	-39.55	7	1
668	#FFFFFF	#D3D3D3	-40	6.55	1
668	#FFFFFF	#D3D3D3	-40.45	7	1
650	#FFFFFF	#D3D3D3	-39.95	7.5	1
650	#FFFFFF	#D3D3D3	-39.5	7.95	1
650	#FFFFFF	#D3D3D3	-39.05	7.5	1
650	#FFFFFF	#D3D3D3	-39.5	7.05	1
650	#FFFFFF	#D3D3D3	-39.95	7.5	1
635	#FFFFFF	#D3D3D3	-39.45	8	1
635	#FFFFFF	#D3D3D3	-39	8.45	1
635	#FFFFFF	#D3D3D3	-38.55	8	1
635	#FFFFFF	#D3D3D3	-39	7.55	1
635	#FFFFFF	#D3D3D3	-39.45	8	1
619	#FFFFFF	#D3D3D3	-38.95	8.5	1
619	#FFFFFF	#D3D3D3	-38.5	8.95	1
619	#FFFFFF	#D3D3D3	-38.05	8.5	1
619	#FFFFFF	#D3D3D3	-38.5	8.05	1
619	#FFFFFF	#D3D3D3	-38.95	8.5	1
604	#FFFFFF	#D3D3D3	-38.45	9	1
604	#FFFFFF	#D3D3D3	-38	9.45	1
604	#FFFFFF	#D3D3D3	-37.55	9	1
604	#FFFFFF	#D3D3D3	-38	8.55	1
604	#FFFFFF	#D3D3D3	-38.45	9	1
587	#FFFFFF	#D3D3D3	-37.95	9.5	1
587	#FFFFFF	#D3D3D3	-37.5	9.95	1
587	#FFFFFF	#D3D3D3	-37.05	9.5	1
587	#FFFFFF	#D3D3D3	-37.5	9.05	1
587	#FFFFFF	#D3D3D3	-37.95	9.5	1
555	#FFFFFF	#D3D3D3	-37.45	10	1
555	#FFFFFF	#D3D3D3	-37	10.45	1
555	#FFFFFF	#D3D3D3	-36.55	10	1
555	#FFFFFF	#D3D3D3	-37	9.55	1
555	#FFFFFF	#D3D3D3	-37.45	10	1
537	#FFFFFF	#D3D3D3	-36.95	10.5	1
537	#FFFFFF	#D3D3D3	-36.5	10.95	1
537	#FFFFFF	#D3D3D3	-36.05	10.5	1
537	#FFFFFF	#D3D3D3	-36.5	10.05	1
537	#FFFFFF	#D3D3D3	-36.95	10.5	1
519	#FFFFFF	#D3D3D3	-36.45	11	1
519	#FFFFFF	#D3D3D3	-36	11.45	1
519	#FFFFFF	#D3D3D3	-35.55	11	1
519	#FFFFFF	#D3D3D3	-36	10.55	1
519	#FFFFFF	#D3D3D3	-36.45	11	1
500	#FFFFFF	#D3D3D3	-35.95	11.5	1
500	#FFFFFF	#D3D3D3	-35.5	11.95	1
500	#FFFFFF	#D3D3D3	-35.05	11.5	1
500	#FFFFFF	#D3D3D3	-35.5	11.05	1
500	#FFFFFF	#D3D3D3	-35.95	11.5	1
481	#FFFFFF	#D3D3D3	-35.45	12	1
481	#FFFFFF	#D3D3D3	-35	12.45	1
481	#FFFFFF	#D3D3D3	-34.55	12	1
481	#FFFFFF	#D3D3D3	-35	11.55	1
481	#FFFFFF	#D3D3D3	-35.45	12	1
461	#FFFFFF	#D3D3D3	-34.95	12.5	1
461	#FFFFFF	#D3D3D3	-34.5	12.95	1
461	#FFFFFF	#D3D3D3	-34.05	12.5	1
461	#FFFFFF	#D3D3D3	-34.5	12.05	1
461	#FFFFFF	#D3D3D3	-34.95	12.5	1
442	#FFFFFF	#D3D3D3	-34.45	13	1
442	#FFFFFF	#D3D3D3	-34	13.45	1
442	#FFFFFF	#D3D3D3	-33.55	13	1
442	#FFFFFF	#D3D3D3	-34	12.55	1
442	#FFFFFF	#D3D3D3	-34.45	13	1
423	#FFFFFF	#D3D3D3	-33.95	13.5	1
423	#FFFFFF	#D3D3D3	-33.5	13.95	1
423	#FFFFFF	#D3D3D3	-33.05	13.5	1
423	#FFFFFF	#D3D3D3	-33.5	13.05	1
423	#FFFFFF	#D3D3D3	-33.95	13.5	1
405	#FFFFFF	#D3D3D3	-33.45	14	1
405	#FFFFFF	#D3D3D3	-33	14.45	1
405	#FFFFFF	#D3D3D3	-32.55	14	1
405	#FFFFFF	#D3D3D3	-33	13.55	1
405	#FFFFFF	#D3D3D3	-33.45	14	1
387	#FFFFFF	#D3D3D3	-32.95	14.5	1
387	#FFFFFF	#D3D3D3	-32.5	14.95	1
387	#FFFFFF	#D3D3D3	-32.05	14.5	1
387	#FFFFFF	#D3D3D3	-32.5	14.05	1
387	#FFFFFF	#D3D3D3	-32.95	14.5	1
370	#FFFFFF	#D3D3D3	-32.45	15	1
370	#FFFFFF	#D3D3D3	-32	15.45	1
370	#FFFFFF	#D3D3D3	-31.55	15	1
370	#FFFFFF	#D3D3D3	-32	14.55	1
370	#FFFFFF	#D3D3D3	-32.45	15	1
353	#FFFFFF	#D3D3D3	-31.95	15.5	1
353	#FFFFFF	#D3D3D3	-31.5	15.95	1
353	#FFFFFF	#D3D3D3	-31.05	15.5	1
353	#FFFFFF	#D3D3D3	-31.5	15.05	1
353	#FFFFFF	#D3D3D3	-31.95	15.5	1
336	#FFFFFF	#D3D3D3	-31.45	16	1
336	#FFFFFF	#D3D3D3	-31	16.45	1
336	#FFFFFF	#D3D3D3	-30.55	16	1
336	#FFFFFF	#D3D3D3	-31	15.55	1
336	#FFFFFF	#D3D3D3	-31.45	16	1
319	#FFFFFF	#D3D3D3	-30.95	16.5	1
319	#FFFFFF	#D3D3D3	-30.5	16.95	1
319	#FFFFFF	#D3D3D3	-30.05	16.5	1
319	#FFFFFF	#D3D3D3	-30.5	16.05	1
319	#FFFFFF	#D3D3D3	-30.95	16.5	1
772	#CD1076	#000000	-44.95	1.5	5
772	#CD1076	#000000	-44.5	1.95	5
772	#CD1076	#000000	-44.05	1.5	5
772	#CD1076	#000000	-44.5	1.05	5
772	#CD1076	#000000	-44.95	1.5	5
764	#CD1076	#000000	-44.45	2	5
764	#CD1076	#000000	-44	2.45	5
764	#CD1076	#000000	-43.55	2	5
764	#CD1076	#000000	-44	1.55	5
764	#CD1076	#000000	-44.45	2	5
753	#FFFFFF	#D3D3D3	-43.95	2.5	1
753	#FFFFFF	#D3D3D3	-43.5	2.95	1
753	#FFFFFF	#D3D3D3	-43.05	2.5	1
753	#FFFFFF	#D3D3D3	-43.5	2.05	1
753	#FFFFFF	#D3D3D3	-43.95	2.5	1
743	#FFFFFF	#D3D3D3	-43.45	3	1
743	#FFFFFF	#D3D3D3	-43	3.45	1
743	#FFFFFF	#D3D3D3	-42.55	3	1
743	#FFFFFF	#D3D3D3	-43	2.55	1
743	#FFFFFF	#D3D3D3	-43.45	3	1
730	#FFFFFF	#D3D3D3	-42.95	3.5	1
730	#FFFFFF	#D3D3D3	-42.5	3.95	1
730	#FFFFFF	#D3D3D3	-42.05	3.5	1
730	#FFFFFF	#D3D3D3	-42.5	3.05	1
730	#FFFFFF	#D3D3D3	-42.95	3.5	1
719	#FFFFFF	#D3D3D3	-42.45	4	1
719	#FFFFFF	#D3D3D3	-42	4.45	1
719	#FFFFFF	#D3D3D3	-41.55	4	1
719	#FFFFFF	#D3D3D3	-42	3.55	1
719	#FFFFFF	#D3D3D3	-42.45	4	1
706	#FFFFFF	#D3D3D3	-41.95	4.5	1
706	#FFFFFF	#D3D3D3	-41.5	4.95	1
706	#FFFFFF	#D3D3D3	-41.05	4.5	1
706	#FFFFFF	#D3D3D3	-41.5	4.05	1
706	#FFFFFF	#D3D3D3	-41.95	4.5	1
694	#FFFFFF	#D3D3D3	-41.45	5	1
694	#FFFFFF	#D3D3D3	-41	5.45	1
694	#FFFFFF	#D3D3D3	-40.55	5	1
694	#FFFFFF	#D3D3D3	-41	4.55	1
694	#FFFFFF	#D3D3D3	-41.45	5	1
680	#FFFFFF	#D3D3D3	-40.95	5.5	1
680	#FFFFFF	#D3D3D3	-40.5	5.95	1
680	#FFFFFF	#D3D3D3	-40.05	5.5	1
680	#FFFFFF	#D3D3D3	-40.5	5.05	1
680	#FFFFFF	#D3D3D3	-40.95	5.5	1
667	#FFFFFF	#D3D3D3	-40.45	6	1
667	#FFFFFF	#D3D3D3	-40	6.45	1
667	#FFFFFF	#D3D3D3	-39.55	6	1
667	#FFFFFF	#D3D3D3	-40	5.55	1
667	#FFFFFF	#D3D3D3	-40.45	6	1
649	#FFFFFF	#D3D3D3	-39.95	6.5	1
649	#FFFFFF	#D3D3D3	-39.5	6.95	1
649	#FFFFFF	#D3D3D3	-39.05	6.5	1
649	#FFFFFF	#D3D3D3	-39.5	6.05	1
649	#FFFFFF	#D3D3D3	-39.95	6.5	1
634	#FFFFFF	#D3D3D3	-39.45	7	1
634	#FFFFFF	#D3D3D3	-39	7.45	1
634	#FFFFFF	#D3D3D3	-38.55	7	1
634	#FFFFFF	#D3D3D3	-39	6.55	1
634	#FFFFFF	#D3D3D3	-39.45	7	1
618	#FFFFFF	#D3D3D3	-38.95	7.5	1
618	#FFFFFF	#D3D3D3	-38.5	7.95	1
618	#FFFFFF	#D3D3D3	-38.05	7.5	1
618	#FFFFFF	#D3D3D3	-38.5	7.05	1
618	#FFFFFF	#D3D3D3	-38.95	7.5	1
603	#FFFFFF	#D3D3D3	-38.45	8	1
603	#FFFFFF	#D3D3D3	-38	8.45	1
603	#FFFFFF	#D3D3D3	-37.55	8	1
603	#FFFFFF	#D3D3D3	-38	7.55	1
603	#FFFFFF	#D3D3D3	-38.45	8	1
586	#FFFFFF	#D3D3D3	-37.95	8.5	1
586	#FFFFFF	#D3D3D3	-37.5	8.95	1
586	#FFFFFF	#D3D3D3	-37.05	8.5	1
586	#FFFFFF	#D3D3D3	-37.5	8.05	1
586	#FFFFFF	#D3D3D3	-37.95	8.5	1
570	#FFFFFF	#D3D3D3	-37.45	9	1
570	#FFFFFF	#D3D3D3	-37	9.45	1
570	#FFFFFF	#D3D3D3	-36.55	9	1
570	#FFFFFF	#D3D3D3	-37	8.55	1
570	#FFFFFF	#D3D3D3	-37.45	9	1
552	#FFFFFF	#D3D3D3	-36.95	9.5	1
552	#FFFFFF	#D3D3D3	-36.5	9.95	1
552	#FFFFFF	#D3D3D3	-36.05	9.5	1
552	#FFFFFF	#D3D3D3	-36.5	9.05	1
552	#FFFFFF	#D3D3D3	-36.95	9.5	1
518	#FFFFFF	#D3D3D3	-36.45	10	1
518	#FFFFFF	#D3D3D3	-36	10.45	1
518	#FFFFFF	#D3D3D3	-35.55	10	1
518	#FFFFFF	#D3D3D3	-36	9.55	1
518	#FFFFFF	#D3D3D3	-36.45	10	1
499	#FFFFFF	#D3D3D3	-35.95	10.5	1
499	#FFFFFF	#D3D3D3	-35.5	10.95	1
499	#FFFFFF	#D3D3D3	-35.05	10.5	1
499	#FFFFFF	#D3D3D3	-35.5	10.05	1
499	#FFFFFF	#D3D3D3	-35.95	10.5	1
480	#FFFFFF	#D3D3D3	-35.45	11	1
480	#FFFFFF	#D3D3D3	-35	11.45	1
480	#FFFFFF	#D3D3D3	-34.55	11	1
480	#FFFFFF	#D3D3D3	-35	10.55	1
480	#FFFFFF	#D3D3D3	-35.45	11	1
460	#FFFFFF	#D3D3D3	-34.95	11.5	1
460	#FFFFFF	#D3D3D3	-34.5	11.95	1
460	#FFFFFF	#D3D3D3	-34.05	11.5	1
460	#FFFFFF	#D3D3D3	-34.5	11.05	1
460	#FFFFFF	#D3D3D3	-34.95	11.5	1
441	#FFFFFF	#D3D3D3	-34.45	12	1
441	#FFFFFF	#D3D3D3	-34	12.45	1
441	#FFFFFF	#D3D3D3	-33.55	12	1
441	#FFFFFF	#D3D3D3	-34	11.55	1
441	#FFFFFF	#D3D3D3	-34.45	12	1
422	#FFFFFF	#D3D3D3	-33.95	12.5	1
422	#FFFFFF	#D3D3D3	-33.5	12.95	1
422	#FFFFFF	#D3D3D3	-33.05	12.5	1
422	#FFFFFF	#D3D3D3	-33.5	12.05	1
422	#FFFFFF	#D3D3D3	-33.95	12.5	1
404	#FFFFFF	#D3D3D3	-33.45	13	1
404	#FFFFFF	#D3D3D3	-33	13.45	1
404	#FFFFFF	#D3D3D3	-32.55	13	1
404	#FFFFFF	#D3D3D3	-33	12.55	1
404	#FFFFFF	#D3D3D3	-33.45	13	1
386	#FFFFFF	#D3D3D3	-32.95	13.5	1
386	#FFFFFF	#D3D3D3	-32.5	13.95	1
386	#FFFFFF	#D3D3D3	-32.05	13.5	1
386	#FFFFFF	#D3D3D3	-32.5	13.05	1
386	#FFFFFF	#D3D3D3	-32.95	13.5	1
369	#FFFFFF	#D3D3D3	-32.45	14	1
369	#FFFFFF	#D3D3D3	-32	14.45	1
369	#FFFFFF	#D3D3D3	-31.55	14	1
369	#FFFFFF	#D3D3D3	-32	13.55	1
369	#FFFFFF	#D3D3D3	-32.45	14	1
352	#FFFFFF	#D3D3D3	-31.95	14.5	1
352	#FFFFFF	#D3D3D3	-31.5	14.95	1
352	#FFFFFF	#D3D3D3	-31.05	14.5	1
352	#FFFFFF	#D3D3D3	-31.5	14.05	1
352	#FFFFFF	#D3D3D3	-31.95	14.5	1
335	#FFFFFF	#D3D3D3	-31.45	15	1
335	#FFFFFF	#D3D3D3	-31	15.45	1
335	#FFFFFF	#D3D3D3	-30.55	15	1
335	#FFFFFF	#D3D3D3	-31	14.55	1
335	#FFFFFF	#D3D3D3	-31.45	15	1
318	#FFFFFF	#D3D3D3	-30.95	15.5	1
318	#FFFFFF	#D3D3D3	-30.5	15.95	1
318	#FFFFFF	#D3D3D3	-30.05	15.5	1
318	#FFFFFF	#D3D3D3	-30.5	15.05	1
318	#FFFFFF	#D3D3D3	-30.95	15.5	1
302	#FFFFFF	#D3D3D3	-30.45	16	1
302	#FFFFFF	#D3D3D3	-30	16.45	1
302	#FFFFFF	#D3D3D3	-29.55	16	1
302	#FFFFFF	#D3D3D3	-30	15.55	1
302	#FFFFFF	#D3D3D3	-30.45	16	1
771	#CD1076	#000000	-44.95	0.5	5
771	#CD1076	#000000	-44.5	0.95	5
771	#CD1076	#000000	-44.05	0.5	5
771	#CD1076	#000000	-44.5	0.05	5
771	#CD1076	#000000	-44.95	0.5	5
761	#CD1076	#000000	-44.45	1	5
761	#CD1076	#000000	-44	1.45	5
761	#CD1076	#000000	-43.55	1	5
761	#CD1076	#000000	-44	0.55	5
761	#CD1076	#000000	-44.45	1	5
750	#CD1076	#000000	-43.95	1.5	5
750	#CD1076	#000000	-43.5	1.95	5
750	#CD1076	#000000	-43.05	1.5	5
750	#CD1076	#000000	-43.5	1.05	5
750	#CD1076	#000000	-43.95	1.5	5
742	#FFFFFF	#D3D3D3	-43.45	2	1
742	#FFFFFF	#D3D3D3	-43	2.45	1
742	#FFFFFF	#D3D3D3	-42.55	2	1
742	#FFFFFF	#D3D3D3	-43	1.55	1
742	#FFFFFF	#D3D3D3	-43.45	2	1
729	#FFFFFF	#D3D3D3	-42.95	2.5	1
729	#FFFFFF	#D3D3D3	-42.5	2.95	1
729	#FFFFFF	#D3D3D3	-42.05	2.5	1
729	#FFFFFF	#D3D3D3	-42.5	2.05	1
729	#FFFFFF	#D3D3D3	-42.95	2.5	1
718	#FFFFFF	#D3D3D3	-42.45	3	1
718	#FFFFFF	#D3D3D3	-42	3.45	1
718	#FFFFFF	#D3D3D3	-41.55	3	1
718	#FFFFFF	#D3D3D3	-42	2.55	1
718	#FFFFFF	#D3D3D3	-42.45	3	1
705	#FFFFFF	#D3D3D3	-41.95	3.5	1
705	#FFFFFF	#D3D3D3	-41.5	3.95	1
705	#FFFFFF	#D3D3D3	-41.05	3.5	1
705	#FFFFFF	#D3D3D3	-41.5	3.05	1
705	#FFFFFF	#D3D3D3	-41.95	3.5	1
693	#FFFFFF	#D3D3D3	-41.45	4	1
693	#FFFFFF	#D3D3D3	-41	4.45	1
693	#FFFFFF	#D3D3D3	-40.55	4	1
693	#FFFFFF	#D3D3D3	-41	3.55	1
693	#FFFFFF	#D3D3D3	-41.45	4	1
679	#FFFFFF	#D3D3D3	-40.95	4.5	1
679	#FFFFFF	#D3D3D3	-40.5	4.95	1
679	#FFFFFF	#D3D3D3	-40.05	4.5	1
679	#FFFFFF	#D3D3D3	-40.5	4.05	1
679	#FFFFFF	#D3D3D3	-40.95	4.5	1
666	#FFFFFF	#D3D3D3	-40.45	5	1
666	#FFFFFF	#D3D3D3	-40	5.45	1
666	#FFFFFF	#D3D3D3	-39.55	5	1
666	#FFFFFF	#D3D3D3	-40	4.55	1
666	#FFFFFF	#D3D3D3	-40.45	5	1
648	#FFFFFF	#D3D3D3	-39.95	5.5	1
648	#FFFFFF	#D3D3D3	-39.5	5.95	1
648	#FFFFFF	#D3D3D3	-39.05	5.5	1
648	#FFFFFF	#D3D3D3	-39.5	5.05	1
648	#FFFFFF	#D3D3D3	-39.95	5.5	1
633	#FFFFFF	#D3D3D3	-39.45	6	1
633	#FFFFFF	#D3D3D3	-39	6.45	1
633	#FFFFFF	#D3D3D3	-38.55	6	1
633	#FFFFFF	#D3D3D3	-39	5.55	1
633	#FFFFFF	#D3D3D3	-39.45	6	1
617	#FFFFFF	#D3D3D3	-38.95	6.5	1
617	#FFFFFF	#D3D3D3	-38.5	6.95	1
617	#FFFFFF	#D3D3D3	-38.05	6.5	1
617	#FFFFFF	#D3D3D3	-38.5	6.05	1
617	#FFFFFF	#D3D3D3	-38.95	6.5	1
602	#FFFFFF	#D3D3D3	-38.45	7	1
602	#FFFFFF	#D3D3D3	-38	7.45	1
602	#FFFFFF	#D3D3D3	-37.55	7	1
602	#FFFFFF	#D3D3D3	-38	6.55	1
602	#FFFFFF	#D3D3D3	-38.45	7	1
585	#FFFFFF	#D3D3D3	-37.95	7.5	1
585	#FFFFFF	#D3D3D3	-37.5	7.95	1
585	#FFFFFF	#D3D3D3	-37.05	7.5	1
585	#FFFFFF	#D3D3D3	-37.5	7.05	1
585	#FFFFFF	#D3D3D3	-37.95	7.5	1
569	#FFFFFF	#D3D3D3	-37.45	8	1
569	#FFFFFF	#D3D3D3	-37	8.45	1
569	#FFFFFF	#D3D3D3	-36.55	8	1
569	#FFFFFF	#D3D3D3	-37	7.55	1
569	#FFFFFF	#D3D3D3	-37.45	8	1
551	#FFFFFF	#D3D3D3	-36.95	8.5	1
551	#FFFFFF	#D3D3D3	-36.5	8.95	1
551	#FFFFFF	#D3D3D3	-36.05	8.5	1
551	#FFFFFF	#D3D3D3	-36.5	8.05	1
551	#FFFFFF	#D3D3D3	-36.95	8.5	1
534	#FFFFFF	#D3D3D3	-36.45	9	1
534	#FFFFFF	#D3D3D3	-36	9.45	1
534	#FFFFFF	#D3D3D3	-35.55	9	1
534	#FFFFFF	#D3D3D3	-36	8.55	1
534	#FFFFFF	#D3D3D3	-36.45	9	1
515	#FFFFFF	#D3D3D3	-35.95	9.5	1
515	#FFFFFF	#D3D3D3	-35.5	9.95	1
515	#FFFFFF	#D3D3D3	-35.05	9.5	1
515	#FFFFFF	#D3D3D3	-35.5	9.05	1
515	#FFFFFF	#D3D3D3	-35.95	9.5	1
479	#FFFFFF	#D3D3D3	-35.45	10	1
479	#FFFFFF	#D3D3D3	-35	10.45	1
479	#FFFFFF	#D3D3D3	-34.55	10	1
479	#FFFFFF	#D3D3D3	-35	9.55	1
479	#FFFFFF	#D3D3D3	-35.45	10	1
459	#FFFFFF	#D3D3D3	-34.95	10.5	1
459	#FFFFFF	#D3D3D3	-34.5	10.95	1
459	#FFFFFF	#D3D3D3	-34.05	10.5	1
459	#FFFFFF	#D3D3D3	-34.5	10.05	1
459	#FFFFFF	#D3D3D3	-34.95	10.5	1
440	#FFFFFF	#D3D3D3	-34.45	11	1
440	#FFFFFF	#D3D3D3	-34	11.45	1
440	#FFFFFF	#D3D3D3	-33.55	11	1
440	#FFFFFF	#D3D3D3	-34	10.55	1
440	#FFFFFF	#D3D3D3	-34.45	11	1
421	#FFFFFF	#D3D3D3	-33.95	11.5	1
421	#FFFFFF	#D3D3D3	-33.5	11.95	1
421	#FFFFFF	#D3D3D3	-33.05	11.5	1
421	#FFFFFF	#D3D3D3	-33.5	11.05	1
421	#FFFFFF	#D3D3D3	-33.95	11.5	1
403	#FFFFFF	#D3D3D3	-33.45	12	1
403	#FFFFFF	#D3D3D3	-33	12.45	1
403	#FFFFFF	#D3D3D3	-32.55	12	1
403	#FFFFFF	#D3D3D3	-33	11.55	1
403	#FFFFFF	#D3D3D3	-33.45	12	1
385	#FFFFFF	#D3D3D3	-32.95	12.5	1
385	#FFFFFF	#D3D3D3	-32.5	12.95	1
385	#FFFFFF	#D3D3D3	-32.05	12.5	1
385	#FFFFFF	#D3D3D3	-32.5	12.05	1
385	#FFFFFF	#D3D3D3	-32.95	12.5	1
368	#FFFFFF	#D3D3D3	-32.45	13	1
368	#FFFFFF	#D3D3D3	-32	13.45	1
368	#FFFFFF	#D3D3D3	-31.55	13	1
368	#FFFFFF	#D3D3D3	-32	12.55	1
368	#FFFFFF	#D3D3D3	-32.45	13	1
351	#FFFFFF	#D3D3D3	-31.95	13.5	1
351	#FFFFFF	#D3D3D3	-31.5	13.95	1
351	#FFFFFF	#D3D3D3	-31.05	13.5	1
351	#FFFFFF	#D3D3D3	-31.5	13.05	1
351	#FFFFFF	#D3D3D3	-31.95	13.5	1
334	#FFFFFF	#D3D3D3	-31.45	14	1
334	#FFFFFF	#D3D3D3	-31	14.45	1
334	#FFFFFF	#D3D3D3	-30.55	14	1
334	#FFFFFF	#D3D3D3	-31	13.55	1
334	#FFFFFF	#D3D3D3	-31.45	14	1
317	#FFFFFF	#D3D3D3	-30.95	14.5	1
317	#FFFFFF	#D3D3D3	-30.5	14.95	1
317	#FFFFFF	#D3D3D3	-30.05	14.5	1
317	#FFFFFF	#D3D3D3	-30.5	14.05	1
317	#FFFFFF	#D3D3D3	-30.95	14.5	1
301	#FFFFFF	#D3D3D3	-30.45	15	1
301	#FFFFFF	#D3D3D3	-30	15.45	1
301	#FFFFFF	#D3D3D3	-29.55	15	1
301	#FFFFFF	#D3D3D3	-30	14.55	1
301	#FFFFFF	#D3D3D3	-30.45	15	1
280	#FFFFFF	#D3D3D3	-29.95	15.5	1
280	#FFFFFF	#D3D3D3	-29.5	15.95	1
280	#FFFFFF	#D3D3D3	-29.05	15.5	1
280	#FFFFFF	#D3D3D3	-29.5	15.05	1
280	#FFFFFF	#D3D3D3	-29.95	15.5	1
760	#CD1076	#000000	-44.45	0	5
760	#CD1076	#000000	-44	0.45	5
760	#CD1076	#000000	-43.55	0	5
760	#CD1076	#000000	-44	-0.45	5
760	#CD1076	#000000	-44.45	0	5
749	#CD1076	#000000	-43.95	0.5	5
749	#CD1076	#000000	-43.5	0.95	5
749	#CD1076	#000000	-43.05	0.5	5
749	#CD1076	#000000	-43.5	0.05	5
749	#CD1076	#000000	-43.95	0.5	5
738	#CD1076	#000000	-43.45	1	5
738	#CD1076	#000000	-43	1.45	5
738	#CD1076	#000000	-42.55	1	5
738	#CD1076	#000000	-43	0.55	5
738	#CD1076	#000000	-43.45	1	5
725	#FFFFFF	#D3D3D3	-42.95	1.5	1
725	#FFFFFF	#D3D3D3	-42.5	1.95	1
725	#FFFFFF	#D3D3D3	-42.05	1.5	1
725	#FFFFFF	#D3D3D3	-42.5	1.05	1
725	#FFFFFF	#D3D3D3	-42.95	1.5	1
717	#FFFFFF	#D3D3D3	-42.45	2	1
717	#FFFFFF	#D3D3D3	-42	2.45	1
717	#FFFFFF	#D3D3D3	-41.55	2	1
717	#FFFFFF	#D3D3D3	-42	1.55	1
717	#FFFFFF	#D3D3D3	-42.45	2	1
704	#FFFFFF	#D3D3D3	-41.95	2.5	1
704	#FFFFFF	#D3D3D3	-41.5	2.95	1
704	#FFFFFF	#D3D3D3	-41.05	2.5	1
704	#FFFFFF	#D3D3D3	-41.5	2.05	1
704	#FFFFFF	#D3D3D3	-41.95	2.5	1
692	#FFFFFF	#D3D3D3	-41.45	3	1
692	#FFFFFF	#D3D3D3	-41	3.45	1
692	#FFFFFF	#D3D3D3	-40.55	3	1
692	#FFFFFF	#D3D3D3	-41	2.55	1
692	#FFFFFF	#D3D3D3	-41.45	3	1
678	#FFFFFF	#D3D3D3	-40.95	3.5	1
678	#FFFFFF	#D3D3D3	-40.5	3.95	1
678	#FFFFFF	#D3D3D3	-40.05	3.5	1
678	#FFFFFF	#D3D3D3	-40.5	3.05	1
678	#FFFFFF	#D3D3D3	-40.95	3.5	1
665	#FFFFFF	#D3D3D3	-40.45	4	1
665	#FFFFFF	#D3D3D3	-40	4.45	1
665	#FFFFFF	#D3D3D3	-39.55	4	1
665	#FFFFFF	#D3D3D3	-40	3.55	1
665	#FFFFFF	#D3D3D3	-40.45	4	1
647	#FFFFFF	#D3D3D3	-39.95	4.5	1
647	#FFFFFF	#D3D3D3	-39.5	4.95	1
647	#FFFFFF	#D3D3D3	-39.05	4.5	1
647	#FFFFFF	#D3D3D3	-39.5	4.05	1
647	#FFFFFF	#D3D3D3	-39.95	4.5	1
632	#FFFFFF	#D3D3D3	-39.45	5	1
632	#FFFFFF	#D3D3D3	-39	5.45	1
632	#FFFFFF	#D3D3D3	-38.55	5	1
632	#FFFFFF	#D3D3D3	-39	4.55	1
632	#FFFFFF	#D3D3D3	-39.45	5	1
616	#FFFFFF	#D3D3D3	-38.95	5.5	1
616	#FFFFFF	#D3D3D3	-38.5	5.95	1
616	#FFFFFF	#D3D3D3	-38.05	5.5	1
616	#FFFFFF	#D3D3D3	-38.5	5.05	1
616	#FFFFFF	#D3D3D3	-38.95	5.5	1
601	#FFFFFF	#D3D3D3	-38.45	6	1
601	#FFFFFF	#D3D3D3	-38	6.45	1
601	#FFFFFF	#D3D3D3	-37.55	6	1
601	#FFFFFF	#D3D3D3	-38	5.55	1
601	#FFFFFF	#D3D3D3	-38.45	6	1
584	#FFFFFF	#D3D3D3	-37.95	6.5	1
584	#FFFFFF	#D3D3D3	-37.5	6.95	1
584	#FFFFFF	#D3D3D3	-37.05	6.5	1
584	#FFFFFF	#D3D3D3	-37.5	6.05	1
584	#FFFFFF	#D3D3D3	-37.95	6.5	1
568	#FFFFFF	#D3D3D3	-37.45	7	1
568	#FFFFFF	#D3D3D3	-37	7.45	1
568	#FFFFFF	#D3D3D3	-36.55	7	1
568	#FFFFFF	#D3D3D3	-37	6.55	1
568	#FFFFFF	#D3D3D3	-37.45	7	1
550	#FFFFFF	#D3D3D3	-36.95	7.5	1
550	#FFFFFF	#D3D3D3	-36.5	7.95	1
550	#FFFFFF	#D3D3D3	-36.05	7.5	1
550	#FFFFFF	#D3D3D3	-36.5	7.05	1
550	#FFFFFF	#D3D3D3	-36.95	7.5	1
533	#FFFFFF	#D3D3D3	-36.45	8	1
533	#FFFFFF	#D3D3D3	-36	8.45	1
533	#FFFFFF	#D3D3D3	-35.55	8	1
533	#FFFFFF	#D3D3D3	-36	7.55	1
533	#FFFFFF	#D3D3D3	-36.45	8	1
514	#FFFFFF	#D3D3D3	-35.95	8.5	1
514	#FFFFFF	#D3D3D3	-35.5	8.95	1
514	#FFFFFF	#D3D3D3	-35.05	8.5	1
514	#FFFFFF	#D3D3D3	-35.5	8.05	1
514	#FFFFFF	#D3D3D3	-35.95	8.5	1
496	#FFFFFF	#D3D3D3	-35.45	9	1
496	#FFFFFF	#D3D3D3	-35	9.45	1
496	#FFFFFF	#D3D3D3	-34.55	9	1
496	#FFFFFF	#D3D3D3	-35	8.55	1
496	#FFFFFF	#D3D3D3	-35.45	9	1
476	#FFFFFF	#D3D3D3	-34.95	9.5	1
476	#FFFFFF	#D3D3D3	-34.5	9.95	1
476	#FFFFFF	#D3D3D3	-34.05	9.5	1
476	#FFFFFF	#D3D3D3	-34.5	9.05	1
476	#FFFFFF	#D3D3D3	-34.95	9.5	1
439	#FFFFFF	#D3D3D3	-34.45	10	1
439	#FFFFFF	#D3D3D3	-34	10.45	1
439	#FFFFFF	#D3D3D3	-33.55	10	1
439	#FFFFFF	#D3D3D3	-34	9.55	1
439	#FFFFFF	#D3D3D3	-34.45	10	1
420	#FFFFFF	#D3D3D3	-33.95	10.5	1
420	#FFFFFF	#D3D3D3	-33.5	10.95	1
420	#FFFFFF	#D3D3D3	-33.05	10.5	1
420	#FFFFFF	#D3D3D3	-33.5	10.05	1
420	#FFFFFF	#D3D3D3	-33.95	10.5	1
402	#FFFFFF	#D3D3D3	-33.45	11	1
402	#FFFFFF	#D3D3D3	-33	11.45	1
402	#FFFFFF	#D3D3D3	-32.55	11	1
402	#FFFFFF	#D3D3D3	-33	10.55	1
402	#FFFFFF	#D3D3D3	-33.45	11	1
384	#FFFFFF	#D3D3D3	-32.95	11.5	1
384	#FFFFFF	#D3D3D3	-32.5	11.95	1
384	#FFFFFF	#D3D3D3	-32.05	11.5	1
384	#FFFFFF	#D3D3D3	-32.5	11.05	1
384	#FFFFFF	#D3D3D3	-32.95	11.5	1
367	#FFFFFF	#D3D3D3	-32.45	12	1
367	#FFFFFF	#D3D3D3	-32	12.45	1
367	#FFFFFF	#D3D3D3	-31.55	12	1
367	#FFFFFF	#D3D3D3	-32	11.55	1
367	#FFFFFF	#D3D3D3	-32.45	12	1
350	#FFFFFF	#D3D3D3	-31.95	12.5	1
350	#FFFFFF	#D3D3D3	-31.5	12.95	1
350	#FFFFFF	#D3D3D3	-31.05	12.5	1
350	#FFFFFF	#D3D3D3	-31.5	12.05	1
350	#FFFFFF	#D3D3D3	-31.95	12.5	1
333	#FFFFFF	#D3D3D3	-31.45	13	1
333	#FFFFFF	#D3D3D3	-31	13.45	1
333	#FFFFFF	#D3D3D3	-30.55	13	1
333	#FFFFFF	#D3D3D3	-31	12.55	1
333	#FFFFFF	#D3D3D3	-31.45	13	1
316	#FFFFFF	#D3D3D3	-30.95	13.5	1
316	#FFFFFF	#D3D3D3	-30.5	13.95	1
316	#FFFFFF	#D3D3D3	-30.05	13.5	1
316	#FFFFFF	#D3D3D3	-30.5	13.05	1
316	#FFFFFF	#D3D3D3	-30.95	13.5	1
300	#FFFFFF	#D3D3D3	-30.45	14	1
300	#FFFFFF	#D3D3D3	-30	14.45	1
300	#FFFFFF	#D3D3D3	-29.55	14	1
300	#FFFFFF	#D3D3D3	-30	13.55	1
300	#FFFFFF	#D3D3D3	-30.45	14	1
279	#FFFFFF	#D3D3D3	-29.95	14.5	1
279	#FFFFFF	#D3D3D3	-29.5	14.95	1
279	#FFFFFF	#D3D3D3	-29.05	14.5	1
279	#FFFFFF	#D3D3D3	-29.5	14.05	1
279	#FFFFFF	#D3D3D3	-29.95	14.5	1
264	#FFFFFF	#D3D3D3	-29.45	15	1
264	#FFFFFF	#D3D3D3	-29	15.45	1
264	#FFFFFF	#D3D3D3	-28.55	15	1
264	#FFFFFF	#D3D3D3	-29	14.55	1
264	#FFFFFF	#D3D3D3	-29.45	15	1
737	#CD1076	#000000	-43.45	0	5
737	#CD1076	#000000	-43	0.45	5
737	#CD1076	#000000	-42.55	0	5
737	#CD1076	#000000	-43	-0.45	5
737	#CD1076	#000000	-43.45	0	5
724	#CD1076	#000000	-42.95	0.5	5
724	#CD1076	#000000	-42.5	0.95	5
724	#CD1076	#000000	-42.05	0.5	5
724	#CD1076	#000000	-42.5	0.05	5
724	#CD1076	#000000	-42.95	0.5	5
712	#FFFFFF	#D3D3D3	-42.45	1	1
712	#FFFFFF	#D3D3D3	-42	1.45	1
712	#FFFFFF	#D3D3D3	-41.55	1	1
712	#FFFFFF	#D3D3D3	-42	0.55	1
712	#FFFFFF	#D3D3D3	-42.45	1	1
699	#FFFFFF	#D3D3D3	-41.95	1.5	1
699	#FFFFFF	#D3D3D3	-41.5	1.95	1
699	#FFFFFF	#D3D3D3	-41.05	1.5	1
699	#FFFFFF	#D3D3D3	-41.5	1.05	1
699	#FFFFFF	#D3D3D3	-41.95	1.5	1
691	#FFFFFF	#D3D3D3	-41.45	2	1
691	#FFFFFF	#D3D3D3	-41	2.45	1
691	#FFFFFF	#D3D3D3	-40.55	2	1
691	#FFFFFF	#D3D3D3	-41	1.55	1
691	#FFFFFF	#D3D3D3	-41.45	2	1
677	#FFFFFF	#D3D3D3	-40.95	2.5	1
677	#FFFFFF	#D3D3D3	-40.5	2.95	1
677	#FFFFFF	#D3D3D3	-40.05	2.5	1
677	#FFFFFF	#D3D3D3	-40.5	2.05	1
677	#FFFFFF	#D3D3D3	-40.95	2.5	1
664	#FFFFFF	#D3D3D3	-40.45	3	1
664	#FFFFFF	#D3D3D3	-40	3.45	1
664	#FFFFFF	#D3D3D3	-39.55	3	1
664	#FFFFFF	#D3D3D3	-40	2.55	1
664	#FFFFFF	#D3D3D3	-40.45	3	1
646	#FFFFFF	#D3D3D3	-39.95	3.5	1
646	#FFFFFF	#D3D3D3	-39.5	3.95	1
646	#FFFFFF	#D3D3D3	-39.05	3.5	1
646	#FFFFFF	#D3D3D3	-39.5	3.05	1
646	#FFFFFF	#D3D3D3	-39.95	3.5	1
631	#FFFFFF	#D3D3D3	-39.45	4	1
631	#FFFFFF	#D3D3D3	-39	4.45	1
631	#FFFFFF	#D3D3D3	-38.55	4	1
631	#FFFFFF	#D3D3D3	-39	3.55	1
631	#FFFFFF	#D3D3D3	-39.45	4	1
615	#FFFFFF	#D3D3D3	-38.95	4.5	1
615	#FFFFFF	#D3D3D3	-38.5	4.95	1
615	#FFFFFF	#D3D3D3	-38.05	4.5	1
615	#FFFFFF	#D3D3D3	-38.5	4.05	1
615	#FFFFFF	#D3D3D3	-38.95	4.5	1
600	#FFFFFF	#D3D3D3	-38.45	5	1
600	#FFFFFF	#D3D3D3	-38	5.45	1
600	#FFFFFF	#D3D3D3	-37.55	5	1
600	#FFFFFF	#D3D3D3	-38	4.55	1
600	#FFFFFF	#D3D3D3	-38.45	5	1
583	#FFFFFF	#D3D3D3	-37.95	5.5	1
583	#FFFFFF	#D3D3D3	-37.5	5.95	1
583	#FFFFFF	#D3D3D3	-37.05	5.5	1
583	#FFFFFF	#D3D3D3	-37.5	5.05	1
583	#FFFFFF	#D3D3D3	-37.95	5.5	1
567	#FFFFFF	#D3D3D3	-37.45	6	1
567	#FFFFFF	#D3D3D3	-37	6.45	1
567	#FFFFFF	#D3D3D3	-36.55	6	1
567	#FFFFFF	#D3D3D3	-37	5.55	1
567	#FFFFFF	#D3D3D3	-37.45	6	1
549	#FFFFFF	#D3D3D3	-36.95	6.5	1
549	#FFFFFF	#D3D3D3	-36.5	6.95	1
549	#FFFFFF	#D3D3D3	-36.05	6.5	1
549	#FFFFFF	#D3D3D3	-36.5	6.05	1
549	#FFFFFF	#D3D3D3	-36.95	6.5	1
532	#FFFFFF	#D3D3D3	-36.45	7	1
532	#FFFFFF	#D3D3D3	-36	7.45	1
532	#FFFFFF	#D3D3D3	-35.55	7	1
532	#FFFFFF	#D3D3D3	-36	6.55	1
532	#FFFFFF	#D3D3D3	-36.45	7	1
513	#FFFFFF	#D3D3D3	-35.95	7.5	1
513	#FFFFFF	#D3D3D3	-35.5	7.95	1
513	#FFFFFF	#D3D3D3	-35.05	7.5	1
513	#FFFFFF	#D3D3D3	-35.5	7.05	1
513	#FFFFFF	#D3D3D3	-35.95	7.5	1
495	#FFFFFF	#D3D3D3	-35.45	8	1
495	#FFFFFF	#D3D3D3	-35	8.45	1
495	#FFFFFF	#D3D3D3	-34.55	8	1
495	#FFFFFF	#D3D3D3	-35	7.55	1
495	#FFFFFF	#D3D3D3	-35.45	8	1
475	#FFFFFF	#D3D3D3	-34.95	8.5	1
475	#FFFFFF	#D3D3D3	-34.5	8.95	1
475	#FFFFFF	#D3D3D3	-34.05	8.5	1
475	#FFFFFF	#D3D3D3	-34.5	8.05	1
475	#FFFFFF	#D3D3D3	-34.95	8.5	1
456	#FFFFFF	#D3D3D3	-34.45	9	1
456	#FFFFFF	#D3D3D3	-34	9.45	1
456	#FFFFFF	#D3D3D3	-33.55	9	1
456	#FFFFFF	#D3D3D3	-34	8.55	1
456	#FFFFFF	#D3D3D3	-34.45	9	1
436	#FFFFFF	#D3D3D3	-33.95	9.5	1
436	#FFFFFF	#D3D3D3	-33.5	9.95	1
436	#FFFFFF	#D3D3D3	-33.05	9.5	1
436	#FFFFFF	#D3D3D3	-33.5	9.05	1
436	#FFFFFF	#D3D3D3	-33.95	9.5	1
401	#FFFFFF	#D3D3D3	-33.45	10	1
401	#FFFFFF	#D3D3D3	-33	10.45	1
401	#FFFFFF	#D3D3D3	-32.55	10	1
401	#FFFFFF	#D3D3D3	-33	9.55	1
401	#FFFFFF	#D3D3D3	-33.45	10	1
383	#FFFFFF	#D3D3D3	-32.95	10.5	1
383	#FFFFFF	#D3D3D3	-32.5	10.95	1
383	#FFFFFF	#D3D3D3	-32.05	10.5	1
383	#FFFFFF	#D3D3D3	-32.5	10.05	1
383	#FFFFFF	#D3D3D3	-32.95	10.5	1
366	#FFFFFF	#D3D3D3	-32.45	11	1
366	#FFFFFF	#D3D3D3	-32	11.45	1
366	#FFFFFF	#D3D3D3	-31.55	11	1
366	#FFFFFF	#D3D3D3	-32	10.55	1
366	#FFFFFF	#D3D3D3	-32.45	11	1
349	#FFFFFF	#D3D3D3	-31.95	11.5	1
349	#FFFFFF	#D3D3D3	-31.5	11.95	1
349	#FFFFFF	#D3D3D3	-31.05	11.5	1
349	#FFFFFF	#D3D3D3	-31.5	11.05	1
349	#FFFFFF	#D3D3D3	-31.95	11.5	1
332	#FFFFFF	#D3D3D3	-31.45	12	1
332	#FFFFFF	#D3D3D3	-31	12.45	1
332	#FFFFFF	#D3D3D3	-30.55	12	1
332	#FFFFFF	#D3D3D3	-31	11.55	1
332	#FFFFFF	#D3D3D3	-31.45	12	1
315	#FFFFFF	#D3D3D3	-30.95	12.5	1
315	#FFFFFF	#D3D3D3	-30.5	12.95	1
315	#FFFFFF	#D3D3D3	-30.05	12.5	1
315	#FFFFFF	#D3D3D3	-30.5	12.05	1
315	#FFFFFF	#D3D3D3	-30.95	12.5	1
299	#FFFFFF	#D3D3D3	-30.45	13	1
299	#FFFFFF	#D3D3D3	-30	13.45	1
299	#FFFFFF	#D3D3D3	-29.55	13	1
299	#FFFFFF	#D3D3D3	-30	12.55	1
299	#FFFFFF	#D3D3D3	-30.45	13	1
278	#FFFFFF	#D3D3D3	-29.95	13.5	1
278	#FFFFFF	#D3D3D3	-29.5	13.95	1
278	#FFFFFF	#D3D3D3	-29.05	13.5	1
278	#FFFFFF	#D3D3D3	-29.5	13.05	1
278	#FFFFFF	#D3D3D3	-29.95	13.5	1
263	#FFFFFF	#D3D3D3	-29.45	14	1
263	#FFFFFF	#D3D3D3	-29	14.45	1
263	#FFFFFF	#D3D3D3	-28.55	14	1
263	#FFFFFF	#D3D3D3	-29	13.55	1
263	#FFFFFF	#D3D3D3	-29.45	14	1
248	#FFFFFF	#D3D3D3	-28.95	14.5	1
248	#FFFFFF	#D3D3D3	-28.5	14.95	1
248	#FFFFFF	#D3D3D3	-28.05	14.5	1
248	#FFFFFF	#D3D3D3	-28.5	14.05	1
248	#FFFFFF	#D3D3D3	-28.95	14.5	1
711	#CD1076	#000000	-42.45	0	5
711	#CD1076	#000000	-42	0.45	5
711	#CD1076	#000000	-41.55	0	5
711	#CD1076	#000000	-42	-0.45	5
711	#CD1076	#000000	-42.45	0	5
698	#FFFFFF	#D3D3D3	-41.95	0.5	1
698	#FFFFFF	#D3D3D3	-41.5	0.95	1
698	#FFFFFF	#D3D3D3	-41.05	0.5	1
698	#FFFFFF	#D3D3D3	-41.5	0.05	1
698	#FFFFFF	#D3D3D3	-41.95	0.5	1
685	#FFFFFF	#D3D3D3	-41.45	1	1
685	#FFFFFF	#D3D3D3	-41	1.45	1
685	#FFFFFF	#D3D3D3	-40.55	1	1
685	#FFFFFF	#D3D3D3	-41	0.55	1
685	#FFFFFF	#D3D3D3	-41.45	1	1
671	#FFFFFF	#D3D3D3	-40.95	1.5	1
671	#FFFFFF	#D3D3D3	-40.5	1.95	1
671	#FFFFFF	#D3D3D3	-40.05	1.5	1
671	#FFFFFF	#D3D3D3	-40.5	1.05	1
671	#FFFFFF	#D3D3D3	-40.95	1.5	1
663	#FFFFFF	#D3D3D3	-40.45	2	1
663	#FFFFFF	#D3D3D3	-40	2.45	1
663	#FFFFFF	#D3D3D3	-39.55	2	1
663	#FFFFFF	#D3D3D3	-40	1.55	1
663	#FFFFFF	#D3D3D3	-40.45	2	1
645	#FFFFFF	#D3D3D3	-39.95	2.5	1
645	#FFFFFF	#D3D3D3	-39.5	2.95	1
645	#FFFFFF	#D3D3D3	-39.05	2.5	1
645	#FFFFFF	#D3D3D3	-39.5	2.05	1
645	#FFFFFF	#D3D3D3	-39.95	2.5	1
630	#FFFFFF	#D3D3D3	-39.45	3	1
630	#FFFFFF	#D3D3D3	-39	3.45	1
630	#FFFFFF	#D3D3D3	-38.55	3	1
630	#FFFFFF	#D3D3D3	-39	2.55	1
630	#FFFFFF	#D3D3D3	-39.45	3	1
614	#FFFFFF	#D3D3D3	-38.95	3.5	1
614	#FFFFFF	#D3D3D3	-38.5	3.95	1
614	#FFFFFF	#D3D3D3	-38.05	3.5	1
614	#FFFFFF	#D3D3D3	-38.5	3.05	1
614	#FFFFFF	#D3D3D3	-38.95	3.5	1
599	#FFFFFF	#D3D3D3	-38.45	4	1
599	#FFFFFF	#D3D3D3	-38	4.45	1
599	#FFFFFF	#D3D3D3	-37.55	4	1
599	#FFFFFF	#D3D3D3	-38	3.55	1
599	#FFFFFF	#D3D3D3	-38.45	4	1
582	#FFFFFF	#D3D3D3	-37.95	4.5	1
582	#FFFFFF	#D3D3D3	-37.5	4.95	1
582	#FFFFFF	#D3D3D3	-37.05	4.5	1
582	#FFFFFF	#D3D3D3	-37.5	4.05	1
582	#FFFFFF	#D3D3D3	-37.95	4.5	1
566	#FFFFFF	#D3D3D3	-37.45	5	1
566	#FFFFFF	#D3D3D3	-37	5.45	1
566	#FFFFFF	#D3D3D3	-36.55	5	1
566	#FFFFFF	#D3D3D3	-37	4.55	1
566	#FFFFFF	#D3D3D3	-37.45	5	1
548	#FFFFFF	#D3D3D3	-36.95	5.5	1
548	#FFFFFF	#D3D3D3	-36.5	5.95	1
548	#FFFFFF	#D3D3D3	-36.05	5.5	1
548	#FFFFFF	#D3D3D3	-36.5	5.05	1
548	#FFFFFF	#D3D3D3	-36.95	5.5	1
531	#FFFFFF	#D3D3D3	-36.45	6	1
531	#FFFFFF	#D3D3D3	-36	6.45	1
531	#FFFFFF	#D3D3D3	-35.55	6	1
531	#FFFFFF	#D3D3D3	-36	5.55	1
531	#FFFFFF	#D3D3D3	-36.45	6	1
512	#FFFFFF	#D3D3D3	-35.95	6.5	1
512	#FFFFFF	#D3D3D3	-35.5	6.95	1
512	#FFFFFF	#D3D3D3	-35.05	6.5	1
512	#FFFFFF	#D3D3D3	-35.5	6.05	1
512	#FFFFFF	#D3D3D3	-35.95	6.5	1
494	#FFFFFF	#D3D3D3	-35.45	7	1
494	#FFFFFF	#D3D3D3	-35	7.45	1
494	#FFFFFF	#D3D3D3	-34.55	7	1
494	#FFFFFF	#D3D3D3	-35	6.55	1
494	#FFFFFF	#D3D3D3	-35.45	7	1
474	#FFFFFF	#D3D3D3	-34.95	7.5	1
474	#FFFFFF	#D3D3D3	-34.5	7.95	1
474	#FFFFFF	#D3D3D3	-34.05	7.5	1
474	#FFFFFF	#D3D3D3	-34.5	7.05	1
474	#FFFFFF	#D3D3D3	-34.95	7.5	1
455	#FFFFFF	#D3D3D3	-34.45	8	1
455	#FFFFFF	#D3D3D3	-34	8.45	1
455	#FFFFFF	#D3D3D3	-33.55	8	1
455	#FFFFFF	#D3D3D3	-34	7.55	1
455	#FFFFFF	#D3D3D3	-34.45	8	1
435	#FFFFFF	#D3D3D3	-33.95	8.5	1
435	#FFFFFF	#D3D3D3	-33.5	8.95	1
435	#FFFFFF	#D3D3D3	-33.05	8.5	1
435	#FFFFFF	#D3D3D3	-33.5	8.05	1
435	#FFFFFF	#D3D3D3	-33.95	8.5	1
417	#FFFFFF	#D3D3D3	-33.45	9	1
417	#FFFFFF	#D3D3D3	-33	9.45	1
417	#FFFFFF	#D3D3D3	-32.55	9	1
417	#FFFFFF	#D3D3D3	-33	8.55	1
417	#FFFFFF	#D3D3D3	-33.45	9	1
398	#FFFFFF	#D3D3D3	-32.95	9.5	1
398	#FFFFFF	#D3D3D3	-32.5	9.95	1
398	#FFFFFF	#D3D3D3	-32.05	9.5	1
398	#FFFFFF	#D3D3D3	-32.5	9.05	1
398	#FFFFFF	#D3D3D3	-32.95	9.5	1
365	#FFFFFF	#D3D3D3	-32.45	10	1
365	#FFFFFF	#D3D3D3	-32	10.45	1
365	#FFFFFF	#D3D3D3	-31.55	10	1
365	#FFFFFF	#D3D3D3	-32	9.55	1
365	#FFFFFF	#D3D3D3	-32.45	10	1
348	#FFFFFF	#D3D3D3	-31.95	10.5	1
348	#FFFFFF	#D3D3D3	-31.5	10.95	1
348	#FFFFFF	#D3D3D3	-31.05	10.5	1
348	#FFFFFF	#D3D3D3	-31.5	10.05	1
348	#FFFFFF	#D3D3D3	-31.95	10.5	1
331	#FFFFFF	#D3D3D3	-31.45	11	1
331	#FFFFFF	#D3D3D3	-31	11.45	1
331	#FFFFFF	#D3D3D3	-30.55	11	1
331	#FFFFFF	#D3D3D3	-31	10.55	1
331	#FFFFFF	#D3D3D3	-31.45	11	1
314	#FFFFFF	#D3D3D3	-30.95	11.5	1
314	#FFFFFF	#D3D3D3	-30.5	11.95	1
314	#FFFFFF	#D3D3D3	-30.05	11.5	1
314	#FFFFFF	#D3D3D3	-30.5	11.05	1
314	#FFFFFF	#D3D3D3	-30.95	11.5	1
298	#FFFFFF	#D3D3D3	-30.45	12	1
298	#FFFFFF	#D3D3D3	-30	12.45	1
298	#FFFFFF	#D3D3D3	-29.55	12	1
298	#FFFFFF	#D3D3D3	-30	11.55	1
298	#FFFFFF	#D3D3D3	-30.45	12	1
277	#FFFFFF	#D3D3D3	-29.95	12.5	1
277	#FFFFFF	#D3D3D3	-29.5	12.95	1
277	#FFFFFF	#D3D3D3	-29.05	12.5	1
277	#FFFFFF	#D3D3D3	-29.5	12.05	1
277	#FFFFFF	#D3D3D3	-29.95	12.5	1
262	#FFFFFF	#D3D3D3	-29.45	13	1
262	#FFFFFF	#D3D3D3	-29	13.45	1
262	#FFFFFF	#D3D3D3	-28.55	13	1
262	#FFFFFF	#D3D3D3	-29	12.55	1
262	#FFFFFF	#D3D3D3	-29.45	13	1
247	#FFFFFF	#D3D3D3	-28.95	13.5	1
247	#FFFFFF	#D3D3D3	-28.5	13.95	1
247	#FFFFFF	#D3D3D3	-28.05	13.5	1
247	#FFFFFF	#D3D3D3	-28.5	13.05	1
247	#FFFFFF	#D3D3D3	-28.95	13.5	1
233	#FFFFFF	#D3D3D3	-28.45	14	1
233	#FFFFFF	#D3D3D3	-28	14.45	1
233	#FFFFFF	#D3D3D3	-27.55	14	1
233	#FFFFFF	#D3D3D3	-28	13.55	1
233	#FFFFFF	#D3D3D3	-28.45	14	1
684	#FFFFFF	#D3D3D3	-41.45	0	1
684	#FFFFFF	#D3D3D3	-41	0.45	1
684	#FFFFFF	#D3D3D3	-40.55	0	1
684	#FFFFFF	#D3D3D3	-41	-0.45	1
684	#FFFFFF	#D3D3D3	-41.45	0	1
670	#FFFFFF	#D3D3D3	-40.95	0.5	1
670	#FFFFFF	#D3D3D3	-40.5	0.95	1
670	#FFFFFF	#D3D3D3	-40.05	0.5	1
670	#FFFFFF	#D3D3D3	-40.5	0.05	1
670	#FFFFFF	#D3D3D3	-40.95	0.5	1
656	#FFFFFF	#D3D3D3	-40.45	1	1
656	#FFFFFF	#D3D3D3	-40	1.45	1
656	#FFFFFF	#D3D3D3	-39.55	1	1
656	#FFFFFF	#D3D3D3	-40	0.55	1
656	#FFFFFF	#D3D3D3	-40.45	1	1
638	#FFFFFF	#D3D3D3	-39.95	1.5	1
638	#FFFFFF	#D3D3D3	-39.5	1.95	1
638	#FFFFFF	#D3D3D3	-39.05	1.5	1
638	#FFFFFF	#D3D3D3	-39.5	1.05	1
638	#FFFFFF	#D3D3D3	-39.95	1.5	1
629	#FFFFFF	#D3D3D3	-39.45	2	1
629	#FFFFFF	#D3D3D3	-39	2.45	1
629	#FFFFFF	#D3D3D3	-38.55	2	1
629	#FFFFFF	#D3D3D3	-39	1.55	1
629	#FFFFFF	#D3D3D3	-39.45	2	1
613	#FFFFFF	#D3D3D3	-38.95	2.5	1
613	#FFFFFF	#D3D3D3	-38.5	2.95	1
613	#FFFFFF	#D3D3D3	-38.05	2.5	1
613	#FFFFFF	#D3D3D3	-38.5	2.05	1
613	#FFFFFF	#D3D3D3	-38.95	2.5	1
598	#FFFFFF	#D3D3D3	-38.45	3	1
598	#FFFFFF	#D3D3D3	-38	3.45	1
598	#FFFFFF	#D3D3D3	-37.55	3	1
598	#FFFFFF	#D3D3D3	-38	2.55	1
598	#FFFFFF	#D3D3D3	-38.45	3	1
581	#FFFFFF	#D3D3D3	-37.95	3.5	1
581	#FFFFFF	#D3D3D3	-37.5	3.95	1
581	#FFFFFF	#D3D3D3	-37.05	3.5	1
581	#FFFFFF	#D3D3D3	-37.5	3.05	1
581	#FFFFFF	#D3D3D3	-37.95	3.5	1
565	#FFFFFF	#D3D3D3	-37.45	4	1
565	#FFFFFF	#D3D3D3	-37	4.45	1
565	#FFFFFF	#D3D3D3	-36.55	4	1
565	#FFFFFF	#D3D3D3	-37	3.55	1
565	#FFFFFF	#D3D3D3	-37.45	4	1
547	#FFFFFF	#D3D3D3	-36.95	4.5	1
547	#FFFFFF	#D3D3D3	-36.5	4.95	1
547	#FFFFFF	#D3D3D3	-36.05	4.5	1
547	#FFFFFF	#D3D3D3	-36.5	4.05	1
547	#FFFFFF	#D3D3D3	-36.95	4.5	1
530	#FFFFFF	#D3D3D3	-36.45	5	1
530	#FFFFFF	#D3D3D3	-36	5.45	1
530	#FFFFFF	#D3D3D3	-35.55	5	1
530	#FFFFFF	#D3D3D3	-36	4.55	1
530	#FFFFFF	#D3D3D3	-36.45	5	1
511	#FFFFFF	#D3D3D3	-35.95	5.5	1
511	#FFFFFF	#D3D3D3	-35.5	5.95	1
511	#FFFFFF	#D3D3D3	-35.05	5.5	1
511	#FFFFFF	#D3D3D3	-35.5	5.05	1
511	#FFFFFF	#D3D3D3	-35.95	5.5	1
493	#FFFFFF	#D3D3D3	-35.45	6	1
493	#FFFFFF	#D3D3D3	-35	6.45	1
493	#FFFFFF	#D3D3D3	-34.55	6	1
493	#FFFFFF	#D3D3D3	-35	5.55	1
493	#FFFFFF	#D3D3D3	-35.45	6	1
473	#FFFFFF	#D3D3D3	-34.95	6.5	1
473	#FFFFFF	#D3D3D3	-34.5	6.95	1
473	#FFFFFF	#D3D3D3	-34.05	6.5	1
473	#FFFFFF	#D3D3D3	-34.5	6.05	1
473	#FFFFFF	#D3D3D3	-34.95	6.5	1
454	#FFFFFF	#D3D3D3	-34.45	7	1
454	#FFFFFF	#D3D3D3	-34	7.45	1
454	#FFFFFF	#D3D3D3	-33.55	7	1
454	#FFFFFF	#D3D3D3	-34	6.55	1
454	#FFFFFF	#D3D3D3	-34.45	7	1
434	#FFFFFF	#D3D3D3	-33.95	7.5	1
434	#FFFFFF	#D3D3D3	-33.5	7.95	1
434	#FFFFFF	#D3D3D3	-33.05	7.5	1
434	#FFFFFF	#D3D3D3	-33.5	7.05	1
434	#FFFFFF	#D3D3D3	-33.95	7.5	1
416	#FFFFFF	#D3D3D3	-33.45	8	1
416	#FFFFFF	#D3D3D3	-33	8.45	1
416	#FFFFFF	#D3D3D3	-32.55	8	1
416	#FFFFFF	#D3D3D3	-33	7.55	1
416	#FFFFFF	#D3D3D3	-33.45	8	1
397	#FFFFFF	#D3D3D3	-32.95	8.5	1
397	#FFFFFF	#D3D3D3	-32.5	8.95	1
397	#FFFFFF	#D3D3D3	-32.05	8.5	1
397	#FFFFFF	#D3D3D3	-32.5	8.05	1
397	#FFFFFF	#D3D3D3	-32.95	8.5	1
380	#FFFFFF	#D3D3D3	-32.45	9	1
380	#FFFFFF	#D3D3D3	-32	9.45	1
380	#FFFFFF	#D3D3D3	-31.55	9	1
380	#FFFFFF	#D3D3D3	-32	8.55	1
380	#FFFFFF	#D3D3D3	-32.45	9	1
362	#FFFFFF	#D3D3D3	-31.95	9.5	1
362	#FFFFFF	#D3D3D3	-31.5	9.95	1
362	#FFFFFF	#D3D3D3	-31.05	9.5	1
362	#FFFFFF	#D3D3D3	-31.5	9.05	1
362	#FFFFFF	#D3D3D3	-31.95	9.5	1
330	#FFFFFF	#D3D3D3	-31.45	10	1
330	#FFFFFF	#D3D3D3	-31	10.45	1
330	#FFFFFF	#D3D3D3	-30.55	10	1
330	#FFFFFF	#D3D3D3	-31	9.55	1
330	#FFFFFF	#D3D3D3	-31.45	10	1
313	#FFFFFF	#D3D3D3	-30.95	10.5	1
313	#FFFFFF	#D3D3D3	-30.5	10.95	1
313	#FFFFFF	#D3D3D3	-30.05	10.5	1
313	#FFFFFF	#D3D3D3	-30.5	10.05	1
313	#FFFFFF	#D3D3D3	-30.95	10.5	1
297	#FFFFFF	#D3D3D3	-30.45	11	1
297	#FFFFFF	#D3D3D3	-30	11.45	1
297	#FFFFFF	#D3D3D3	-29.55	11	1
297	#FFFFFF	#D3D3D3	-30	10.55	1
297	#FFFFFF	#D3D3D3	-30.45	11	1
276	#FFFFFF	#D3D3D3	-29.95	11.5	1
276	#FFFFFF	#D3D3D3	-29.5	11.95	1
276	#FFFFFF	#D3D3D3	-29.05	11.5	1
276	#FFFFFF	#D3D3D3	-29.5	11.05	1
276	#FFFFFF	#D3D3D3	-29.95	11.5	1
261	#FFFFFF	#D3D3D3	-29.45	12	1
261	#FFFFFF	#D3D3D3	-29	12.45	1
261	#FFFFFF	#D3D3D3	-28.55	12	1
261	#FFFFFF	#D3D3D3	-29	11.55	1
261	#FFFFFF	#D3D3D3	-29.45	12	1
246	#FFFFFF	#D3D3D3	-28.95	12.5	1
246	#FFFFFF	#D3D3D3	-28.5	12.95	1
246	#FFFFFF	#D3D3D3	-28.05	12.5	1
246	#FFFFFF	#D3D3D3	-28.5	12.05	1
246	#FFFFFF	#D3D3D3	-28.95	12.5	1
232	#FFFFFF	#D3D3D3	-28.45	13	1
232	#FFFFFF	#D3D3D3	-28	13.45	1
232	#FFFFFF	#D3D3D3	-27.55	13	1
232	#FFFFFF	#D3D3D3	-28	12.55	1
232	#FFFFFF	#D3D3D3	-28.45	13	1
218	#FFFFFF	#D3D3D3	-27.95	13.5	1
218	#FFFFFF	#D3D3D3	-27.5	13.95	1
218	#FFFFFF	#D3D3D3	-27.05	13.5	1
218	#FFFFFF	#D3D3D3	-27.5	13.05	1
218	#FFFFFF	#D3D3D3	-27.95	13.5	1
655	#FFFFFF	#D3D3D3	-40.45	0	1
655	#FFFFFF	#D3D3D3	-40	0.45	1
655	#FFFFFF	#D3D3D3	-39.55	0	1
655	#FFFFFF	#D3D3D3	-40	-0.45	1
655	#FFFFFF	#D3D3D3	-40.45	0	1
637	#FFFFFF	#D3D3D3	-39.95	0.5	1
637	#FFFFFF	#D3D3D3	-39.5	0.95	1
637	#FFFFFF	#D3D3D3	-39.05	0.5	1
637	#FFFFFF	#D3D3D3	-39.5	0.05	1
637	#FFFFFF	#D3D3D3	-39.95	0.5	1
622	#FFFFFF	#D3D3D3	-39.45	1	1
622	#FFFFFF	#D3D3D3	-39	1.45	1
622	#FFFFFF	#D3D3D3	-38.55	1	1
622	#FFFFFF	#D3D3D3	-39	0.55	1
622	#FFFFFF	#D3D3D3	-39.45	1	1
606	#FFFFFF	#D3D3D3	-38.95	1.5	1
606	#FFFFFF	#D3D3D3	-38.5	1.95	1
606	#FFFFFF	#D3D3D3	-38.05	1.5	1
606	#FFFFFF	#D3D3D3	-38.5	1.05	1
606	#FFFFFF	#D3D3D3	-38.95	1.5	1
597	#FFFFFF	#D3D3D3	-38.45	2	1
597	#FFFFFF	#D3D3D3	-38	2.45	1
597	#FFFFFF	#D3D3D3	-37.55	2	1
597	#FFFFFF	#D3D3D3	-38	1.55	1
597	#FFFFFF	#D3D3D3	-38.45	2	1
580	#FFFFFF	#D3D3D3	-37.95	2.5	1
580	#FFFFFF	#D3D3D3	-37.5	2.95	1
580	#FFFFFF	#D3D3D3	-37.05	2.5	1
580	#FFFFFF	#D3D3D3	-37.5	2.05	1
580	#FFFFFF	#D3D3D3	-37.95	2.5	1
564	#FFFFFF	#D3D3D3	-37.45	3	1
564	#FFFFFF	#D3D3D3	-37	3.45	1
564	#FFFFFF	#D3D3D3	-36.55	3	1
564	#FFFFFF	#D3D3D3	-37	2.55	1
564	#FFFFFF	#D3D3D3	-37.45	3	1
546	#FFFFFF	#D3D3D3	-36.95	3.5	1
546	#FFFFFF	#D3D3D3	-36.5	3.95	1
546	#FFFFFF	#D3D3D3	-36.05	3.5	1
546	#FFFFFF	#D3D3D3	-36.5	3.05	1
546	#FFFFFF	#D3D3D3	-36.95	3.5	1
529	#FFFFFF	#D3D3D3	-36.45	4	1
529	#FFFFFF	#D3D3D3	-36	4.45	1
529	#FFFFFF	#D3D3D3	-35.55	4	1
529	#FFFFFF	#D3D3D3	-36	3.55	1
529	#FFFFFF	#D3D3D3	-36.45	4	1
510	#FFFFFF	#D3D3D3	-35.95	4.5	1
510	#FFFFFF	#D3D3D3	-35.5	4.95	1
510	#FFFFFF	#D3D3D3	-35.05	4.5	1
510	#FFFFFF	#D3D3D3	-35.5	4.05	1
510	#FFFFFF	#D3D3D3	-35.95	4.5	1
492	#FFFFFF	#D3D3D3	-35.45	5	1
492	#FFFFFF	#D3D3D3	-35	5.45	1
492	#FFFFFF	#D3D3D3	-34.55	5	1
492	#FFFFFF	#D3D3D3	-35	4.55	1
492	#FFFFFF	#D3D3D3	-35.45	5	1
472	#FFFFFF	#D3D3D3	-34.95	5.5	1
472	#FFFFFF	#D3D3D3	-34.5	5.95	1
472	#FFFFFF	#D3D3D3	-34.05	5.5	1
472	#FFFFFF	#D3D3D3	-34.5	5.05	1
472	#FFFFFF	#D3D3D3	-34.95	5.5	1
453	#FFFFFF	#D3D3D3	-34.45	6	1
453	#FFFFFF	#D3D3D3	-34	6.45	1
453	#FFFFFF	#D3D3D3	-33.55	6	1
453	#FFFFFF	#D3D3D3	-34	5.55	1
453	#FFFFFF	#D3D3D3	-34.45	6	1
433	#FFFFFF	#D3D3D3	-33.95	6.5	1
433	#FFFFFF	#D3D3D3	-33.5	6.95	1
433	#FFFFFF	#D3D3D3	-33.05	6.5	1
433	#FFFFFF	#D3D3D3	-33.5	6.05	1
433	#FFFFFF	#D3D3D3	-33.95	6.5	1
415	#FFFFFF	#D3D3D3	-33.45	7	1
415	#FFFFFF	#D3D3D3	-33	7.45	1
415	#FFFFFF	#D3D3D3	-32.55	7	1
415	#FFFFFF	#D3D3D3	-33	6.55	1
415	#FFFFFF	#D3D3D3	-33.45	7	1
396	#FFFFFF	#D3D3D3	-32.95	7.5	1
396	#FFFFFF	#D3D3D3	-32.5	7.95	1
396	#FFFFFF	#D3D3D3	-32.05	7.5	1
396	#FFFFFF	#D3D3D3	-32.5	7.05	1
396	#FFFFFF	#D3D3D3	-32.95	7.5	1
379	#FFFFFF	#D3D3D3	-32.45	8	1
379	#FFFFFF	#D3D3D3	-32	8.45	1
379	#FFFFFF	#D3D3D3	-31.55	8	1
379	#FFFFFF	#D3D3D3	-32	7.55	1
379	#FFFFFF	#D3D3D3	-32.45	8	1
361	#FFFFFF	#D3D3D3	-31.95	8.5	1
361	#FFFFFF	#D3D3D3	-31.5	8.95	1
361	#FFFFFF	#D3D3D3	-31.05	8.5	1
361	#FFFFFF	#D3D3D3	-31.5	8.05	1
361	#FFFFFF	#D3D3D3	-31.95	8.5	1
345	#FFFFFF	#D3D3D3	-31.45	9	1
345	#FFFFFF	#D3D3D3	-31	9.45	1
345	#FFFFFF	#D3D3D3	-30.55	9	1
345	#FFFFFF	#D3D3D3	-31	8.55	1
345	#FFFFFF	#D3D3D3	-31.45	9	1
327	#FFFFFF	#D3D3D3	-30.95	9.5	1
327	#FFFFFF	#D3D3D3	-30.5	9.95	1
327	#FFFFFF	#D3D3D3	-30.05	9.5	1
327	#FFFFFF	#D3D3D3	-30.5	9.05	1
327	#FFFFFF	#D3D3D3	-30.95	9.5	1
296	#FFFFFF	#D3D3D3	-30.45	10	1
296	#FFFFFF	#D3D3D3	-30	10.45	1
296	#FFFFFF	#D3D3D3	-29.55	10	1
296	#FFFFFF	#D3D3D3	-30	9.55	1
296	#FFFFFF	#D3D3D3	-30.45	10	1
275	#FFFFFF	#D3D3D3	-29.95	10.5	1
275	#FFFFFF	#D3D3D3	-29.5	10.95	1
275	#FFFFFF	#D3D3D3	-29.05	10.5	1
275	#FFFFFF	#D3D3D3	-29.5	10.05	1
275	#FFFFFF	#D3D3D3	-29.95	10.5	1
260	#FFFFFF	#D3D3D3	-29.45	11	1
260	#FFFFFF	#D3D3D3	-29	11.45	1
260	#FFFFFF	#D3D3D3	-28.55	11	1
260	#FFFFFF	#D3D3D3	-29	10.55	1
260	#FFFFFF	#D3D3D3	-29.45	11	1
245	#FFFFFF	#D3D3D3	-28.95	11.5	1
245	#FFFFFF	#D3D3D3	-28.5	11.95	1
245	#FFFFFF	#D3D3D3	-28.05	11.5	1
245	#FFFFFF	#D3D3D3	-28.5	11.05	1
245	#FFFFFF	#D3D3D3	-28.95	11.5	1
231	#FFFFFF	#D3D3D3	-28.45	12	1
231	#FFFFFF	#D3D3D3	-28	12.45	1
231	#FFFFFF	#D3D3D3	-27.55	12	1
231	#FFFFFF	#D3D3D3	-28	11.55	1
231	#FFFFFF	#D3D3D3	-28.45	12	1
217	#FFFFFF	#D3D3D3	-27.95	12.5	1
217	#FFFFFF	#D3D3D3	-27.5	12.95	1
217	#FFFFFF	#D3D3D3	-27.05	12.5	1
217	#FFFFFF	#D3D3D3	-27.5	12.05	1
217	#FFFFFF	#D3D3D3	-27.95	12.5	1
204	#FFFFFF	#D3D3D3	-27.45	13	1
204	#FFFFFF	#D3D3D3	-27	13.45	1
204	#FFFFFF	#D3D3D3	-26.55	13	1
204	#FFFFFF	#D3D3D3	-27	12.55	1
204	#FFFFFF	#D3D3D3	-27.45	13	1
621	#FFFFFF	#D3D3D3	-39.45	0	1
621	#FFFFFF	#D3D3D3	-39	0.45	1
621	#FFFFFF	#D3D3D3	-38.55	0	1
621	#FFFFFF	#D3D3D3	-39	-0.45	1
621	#FFFFFF	#D3D3D3	-39.45	0	1
605	#FFFFFF	#D3D3D3	-38.95	0.5	1
605	#FFFFFF	#D3D3D3	-38.5	0.95	1
605	#FFFFFF	#D3D3D3	-38.05	0.5	1
605	#FFFFFF	#D3D3D3	-38.5	0.05	1
605	#FFFFFF	#D3D3D3	-38.95	0.5	1
589	#FFFFFF	#D3D3D3	-38.45	1	1
589	#FFFFFF	#D3D3D3	-38	1.45	1
589	#FFFFFF	#D3D3D3	-37.55	1	1
589	#FFFFFF	#D3D3D3	-38	0.55	1
589	#FFFFFF	#D3D3D3	-38.45	1	1
572	#FFFFFF	#D3D3D3	-37.95	1.5	1
572	#FFFFFF	#D3D3D3	-37.5	1.95	1
572	#FFFFFF	#D3D3D3	-37.05	1.5	1
572	#FFFFFF	#D3D3D3	-37.5	1.05	1
572	#FFFFFF	#D3D3D3	-37.95	1.5	1
563	#FFFFFF	#D3D3D3	-37.45	2	1
563	#FFFFFF	#D3D3D3	-37	2.45	1
563	#FFFFFF	#D3D3D3	-36.55	2	1
563	#FFFFFF	#D3D3D3	-37	1.55	1
563	#FFFFFF	#D3D3D3	-37.45	2	1
545	#FFFFFF	#D3D3D3	-36.95	2.5	1
545	#FFFFFF	#D3D3D3	-36.5	2.95	1
545	#FFFFFF	#D3D3D3	-36.05	2.5	1
545	#FFFFFF	#D3D3D3	-36.5	2.05	1
545	#FFFFFF	#D3D3D3	-36.95	2.5	1
528	#FFFFFF	#D3D3D3	-36.45	3	1
528	#FFFFFF	#D3D3D3	-36	3.45	1
528	#FFFFFF	#D3D3D3	-35.55	3	1
528	#FFFFFF	#D3D3D3	-36	2.55	1
528	#FFFFFF	#D3D3D3	-36.45	3	1
509	#FFFFFF	#D3D3D3	-35.95	3.5	1
509	#FFFFFF	#D3D3D3	-35.5	3.95	1
509	#FFFFFF	#D3D3D3	-35.05	3.5	1
509	#FFFFFF	#D3D3D3	-35.5	3.05	1
509	#FFFFFF	#D3D3D3	-35.95	3.5	1
491	#FFFFFF	#D3D3D3	-35.45	4	1
491	#FFFFFF	#D3D3D3	-35	4.45	1
491	#FFFFFF	#D3D3D3	-34.55	4	1
491	#FFFFFF	#D3D3D3	-35	3.55	1
491	#FFFFFF	#D3D3D3	-35.45	4	1
471	#FFFFFF	#D3D3D3	-34.95	4.5	1
471	#FFFFFF	#D3D3D3	-34.5	4.95	1
471	#FFFFFF	#D3D3D3	-34.05	4.5	1
471	#FFFFFF	#D3D3D3	-34.5	4.05	1
471	#FFFFFF	#D3D3D3	-34.95	4.5	1
452	#FFFFFF	#D3D3D3	-34.45	5	1
452	#FFFFFF	#D3D3D3	-34	5.45	1
452	#FFFFFF	#D3D3D3	-33.55	5	1
452	#FFFFFF	#D3D3D3	-34	4.55	1
452	#FFFFFF	#D3D3D3	-34.45	5	1
432	#FFFFFF	#D3D3D3	-33.95	5.5	1
432	#FFFFFF	#D3D3D3	-33.5	5.95	1
432	#FFFFFF	#D3D3D3	-33.05	5.5	1
432	#FFFFFF	#D3D3D3	-33.5	5.05	1
432	#FFFFFF	#D3D3D3	-33.95	5.5	1
414	#FFFFFF	#D3D3D3	-33.45	6	1
414	#FFFFFF	#D3D3D3	-33	6.45	1
414	#FFFFFF	#D3D3D3	-32.55	6	1
414	#FFFFFF	#D3D3D3	-33	5.55	1
414	#FFFFFF	#D3D3D3	-33.45	6	1
395	#FFFFFF	#D3D3D3	-32.95	6.5	1
395	#FFFFFF	#D3D3D3	-32.5	6.95	1
395	#FFFFFF	#D3D3D3	-32.05	6.5	1
395	#FFFFFF	#D3D3D3	-32.5	6.05	1
395	#FFFFFF	#D3D3D3	-32.95	6.5	1
378	#FFFFFF	#D3D3D3	-32.45	7	1
378	#FFFFFF	#D3D3D3	-32	7.45	1
378	#FFFFFF	#D3D3D3	-31.55	7	1
378	#FFFFFF	#D3D3D3	-32	6.55	1
378	#FFFFFF	#D3D3D3	-32.45	7	1
360	#FFFFFF	#D3D3D3	-31.95	7.5	1
360	#FFFFFF	#D3D3D3	-31.5	7.95	1
360	#FFFFFF	#D3D3D3	-31.05	7.5	1
360	#FFFFFF	#D3D3D3	-31.5	7.05	1
360	#FFFFFF	#D3D3D3	-31.95	7.5	1
344	#FFFFFF	#D3D3D3	-31.45	8	1
344	#FFFFFF	#D3D3D3	-31	8.45	1
344	#FFFFFF	#D3D3D3	-30.55	8	1
344	#FFFFFF	#D3D3D3	-31	7.55	1
344	#FFFFFF	#D3D3D3	-31.45	8	1
326	#FFFFFF	#D3D3D3	-30.95	8.5	1
326	#FFFFFF	#D3D3D3	-30.5	8.95	1
326	#FFFFFF	#D3D3D3	-30.05	8.5	1
326	#FFFFFF	#D3D3D3	-30.5	8.05	1
326	#FFFFFF	#D3D3D3	-30.95	8.5	1
310	#FFFFFF	#D3D3D3	-30.45	9	1
310	#FFFFFF	#D3D3D3	-30	9.45	1
310	#FFFFFF	#D3D3D3	-29.55	9	1
310	#FFFFFF	#D3D3D3	-30	8.55	1
310	#FFFFFF	#D3D3D3	-30.45	9	1
288	#FFFFFF	#D3D3D3	-29.95	9.5	1
288	#FFFFFF	#D3D3D3	-29.5	9.95	1
288	#FFFFFF	#D3D3D3	-29.05	9.5	1
288	#FFFFFF	#D3D3D3	-29.5	9.05	1
288	#FFFFFF	#D3D3D3	-29.95	9.5	1
259	#FFFFFF	#D3D3D3	-29.45	10	1
259	#FFFFFF	#D3D3D3	-29	10.45	1
259	#FFFFFF	#D3D3D3	-28.55	10	1
259	#FFFFFF	#D3D3D3	-29	9.55	1
259	#FFFFFF	#D3D3D3	-29.45	10	1
244	#FFFFFF	#D3D3D3	-28.95	10.5	1
244	#FFFFFF	#D3D3D3	-28.5	10.95	1
244	#FFFFFF	#D3D3D3	-28.05	10.5	1
244	#FFFFFF	#D3D3D3	-28.5	10.05	1
244	#FFFFFF	#D3D3D3	-28.95	10.5	1
230	#FFFFFF	#D3D3D3	-28.45	11	1
230	#FFFFFF	#D3D3D3	-28	11.45	1
230	#FFFFFF	#D3D3D3	-27.55	11	1
230	#FFFFFF	#D3D3D3	-28	10.55	1
230	#FFFFFF	#D3D3D3	-28.45	11	1
216	#FFFFFF	#D3D3D3	-27.95	11.5	1
216	#FFFFFF	#D3D3D3	-27.5	11.95	1
216	#FFFFFF	#D3D3D3	-27.05	11.5	1
216	#FFFFFF	#D3D3D3	-27.5	11.05	1
216	#FFFFFF	#D3D3D3	-27.95	11.5	1
203	#FFFFFF	#D3D3D3	-27.45	12	1
203	#FFFFFF	#D3D3D3	-27	12.45	1
203	#FFFFFF	#D3D3D3	-26.55	12	1
203	#FFFFFF	#D3D3D3	-27	11.55	1
203	#FFFFFF	#D3D3D3	-27.45	12	1
190	#FFFFFF	#D3D3D3	-26.95	12.5	1
190	#FFFFFF	#D3D3D3	-26.5	12.95	1
190	#FFFFFF	#D3D3D3	-26.05	12.5	1
190	#FFFFFF	#D3D3D3	-26.5	12.05	1
190	#FFFFFF	#D3D3D3	-26.95	12.5	1
588	#FFFFFF	#D3D3D3	-38.45	0	1
588	#FFFFFF	#D3D3D3	-38	0.45	1
588	#FFFFFF	#D3D3D3	-37.55	0	1
588	#FFFFFF	#D3D3D3	-38	-0.45	1
588	#FFFFFF	#D3D3D3	-38.45	0	1
571	#FFFFFF	#D3D3D3	-37.95	0.5	1
571	#FFFFFF	#D3D3D3	-37.5	0.95	1
571	#FFFFFF	#D3D3D3	-37.05	0.5	1
571	#FFFFFF	#D3D3D3	-37.5	0.05	1
571	#FFFFFF	#D3D3D3	-37.95	0.5	1
554	#FFFFFF	#D3D3D3	-37.45	1	1
554	#FFFFFF	#D3D3D3	-37	1.45	1
554	#FFFFFF	#D3D3D3	-36.55	1	1
554	#FFFFFF	#D3D3D3	-37	0.55	1
554	#FFFFFF	#D3D3D3	-37.45	1	1
536	#FFFFFF	#D3D3D3	-36.95	1.5	1
536	#FFFFFF	#D3D3D3	-36.5	1.95	1
536	#FFFFFF	#D3D3D3	-36.05	1.5	1
536	#FFFFFF	#D3D3D3	-36.5	1.05	1
536	#FFFFFF	#D3D3D3	-36.95	1.5	1
527	#FFFFFF	#D3D3D3	-36.45	2	1
527	#FFFFFF	#D3D3D3	-36	2.45	1
527	#FFFFFF	#D3D3D3	-35.55	2	1
527	#FFFFFF	#D3D3D3	-36	1.55	1
527	#FFFFFF	#D3D3D3	-36.45	2	1
508	#FFFFFF	#D3D3D3	-35.95	2.5	1
508	#FFFFFF	#D3D3D3	-35.5	2.95	1
508	#FFFFFF	#D3D3D3	-35.05	2.5	1
508	#FFFFFF	#D3D3D3	-35.5	2.05	1
508	#FFFFFF	#D3D3D3	-35.95	2.5	1
490	#FFFFFF	#D3D3D3	-35.45	3	1
490	#FFFFFF	#D3D3D3	-35	3.45	1
490	#FFFFFF	#D3D3D3	-34.55	3	1
490	#FFFFFF	#D3D3D3	-35	2.55	1
490	#FFFFFF	#D3D3D3	-35.45	3	1
470	#FFFFFF	#D3D3D3	-34.95	3.5	1
470	#FFFFFF	#D3D3D3	-34.5	3.95	1
470	#FFFFFF	#D3D3D3	-34.05	3.5	1
470	#FFFFFF	#D3D3D3	-34.5	3.05	1
470	#FFFFFF	#D3D3D3	-34.95	3.5	1
451	#FFFFFF	#D3D3D3	-34.45	4	1
451	#FFFFFF	#D3D3D3	-34	4.45	1
451	#FFFFFF	#D3D3D3	-33.55	4	1
451	#FFFFFF	#D3D3D3	-34	3.55	1
451	#FFFFFF	#D3D3D3	-34.45	4	1
431	#FFFFFF	#D3D3D3	-33.95	4.5	1
431	#FFFFFF	#D3D3D3	-33.5	4.95	1
431	#FFFFFF	#D3D3D3	-33.05	4.5	1
431	#FFFFFF	#D3D3D3	-33.5	4.05	1
431	#FFFFFF	#D3D3D3	-33.95	4.5	1
413	#FFFFFF	#D3D3D3	-33.45	5	1
413	#FFFFFF	#D3D3D3	-33	5.45	1
413	#FFFFFF	#D3D3D3	-32.55	5	1
413	#FFFFFF	#D3D3D3	-33	4.55	1
413	#FFFFFF	#D3D3D3	-33.45	5	1
394	#FFFFFF	#D3D3D3	-32.95	5.5	1
394	#FFFFFF	#D3D3D3	-32.5	5.95	1
394	#FFFFFF	#D3D3D3	-32.05	5.5	1
394	#FFFFFF	#D3D3D3	-32.5	5.05	1
394	#FFFFFF	#D3D3D3	-32.95	5.5	1
377	#FFFFFF	#D3D3D3	-32.45	6	1
377	#FFFFFF	#D3D3D3	-32	6.45	1
377	#FFFFFF	#D3D3D3	-31.55	6	1
377	#FFFFFF	#D3D3D3	-32	5.55	1
377	#FFFFFF	#D3D3D3	-32.45	6	1
359	#FFFFFF	#D3D3D3	-31.95	6.5	1
359	#FFFFFF	#D3D3D3	-31.5	6.95	1
359	#FFFFFF	#D3D3D3	-31.05	6.5	1
359	#FFFFFF	#D3D3D3	-31.5	6.05	1
359	#FFFFFF	#D3D3D3	-31.95	6.5	1
343	#FFFFFF	#D3D3D3	-31.45	7	1
343	#FFFFFF	#D3D3D3	-31	7.45	1
343	#FFFFFF	#D3D3D3	-30.55	7	1
343	#FFFFFF	#D3D3D3	-31	6.55	1
343	#FFFFFF	#D3D3D3	-31.45	7	1
325	#FFFFFF	#D3D3D3	-30.95	7.5	1
325	#FFFFFF	#D3D3D3	-30.5	7.95	1
325	#FFFFFF	#D3D3D3	-30.05	7.5	1
325	#FFFFFF	#D3D3D3	-30.5	7.05	1
325	#FFFFFF	#D3D3D3	-30.95	7.5	1
309	#FFFFFF	#D3D3D3	-30.45	8	1
309	#FFFFFF	#D3D3D3	-30	8.45	1
309	#FFFFFF	#D3D3D3	-29.55	8	1
309	#FFFFFF	#D3D3D3	-30	7.55	1
309	#FFFFFF	#D3D3D3	-30.45	8	1
287	#FFFFFF	#D3D3D3	-29.95	8.5	1
287	#FFFFFF	#D3D3D3	-29.5	8.95	1
287	#FFFFFF	#D3D3D3	-29.05	8.5	1
287	#FFFFFF	#D3D3D3	-29.5	8.05	1
287	#FFFFFF	#D3D3D3	-29.95	8.5	1
272	#FFFFFF	#D3D3D3	-29.45	9	1
272	#FFFFFF	#D3D3D3	-29	9.45	1
272	#FFFFFF	#D3D3D3	-28.55	9	1
272	#FFFFFF	#D3D3D3	-29	8.55	1
272	#FFFFFF	#D3D3D3	-29.45	9	1
256	#FFFFFF	#D3D3D3	-28.95	9.5	1
256	#FFFFFF	#D3D3D3	-28.5	9.95	1
256	#FFFFFF	#D3D3D3	-28.05	9.5	1
256	#FFFFFF	#D3D3D3	-28.5	9.05	1
256	#FFFFFF	#D3D3D3	-28.95	9.5	1
229	#FFFFFF	#D3D3D3	-28.45	10	1
229	#FFFFFF	#D3D3D3	-28	10.45	1
229	#FFFFFF	#D3D3D3	-27.55	10	1
229	#FFFFFF	#D3D3D3	-28	9.55	1
229	#FFFFFF	#D3D3D3	-28.45	10	1
215	#FFFFFF	#D3D3D3	-27.95	10.5	1
215	#FFFFFF	#D3D3D3	-27.5	10.95	1
215	#FFFFFF	#D3D3D3	-27.05	10.5	1
215	#FFFFFF	#D3D3D3	-27.5	10.05	1
215	#FFFFFF	#D3D3D3	-27.95	10.5	1
202	#FFFFFF	#D3D3D3	-27.45	11	1
202	#FFFFFF	#D3D3D3	-27	11.45	1
202	#FFFFFF	#D3D3D3	-26.55	11	1
202	#FFFFFF	#D3D3D3	-27	10.55	1
202	#FFFFFF	#D3D3D3	-27.45	11	1
189	#FFFFFF	#D3D3D3	-26.95	11.5	1
189	#FFFFFF	#D3D3D3	-26.5	11.95	1
189	#FFFFFF	#D3D3D3	-26.05	11.5	1
189	#FFFFFF	#D3D3D3	-26.5	11.05	1
189	#FFFFFF	#D3D3D3	-26.95	11.5	1
177	#FFFFFF	#D3D3D3	-26.45	12	1
177	#FFFFFF	#D3D3D3	-26	12.45	1
177	#FFFFFF	#D3D3D3	-25.55	12	1
177	#FFFFFF	#D3D3D3	-26	11.55	1
177	#FFFFFF	#D3D3D3	-26.45	12	1
553	#FFFFFF	#D3D3D3	-37.45	0	1
553	#FFFFFF	#D3D3D3	-37	0.45	1
553	#FFFFFF	#D3D3D3	-36.55	0	1
553	#FFFFFF	#D3D3D3	-37	-0.45	1
553	#FFFFFF	#D3D3D3	-37.45	0	1
535	#FFFFFF	#D3D3D3	-36.95	0.5	1
535	#FFFFFF	#D3D3D3	-36.5	0.95	1
535	#FFFFFF	#D3D3D3	-36.05	0.5	1
535	#FFFFFF	#D3D3D3	-36.5	0.05	1
535	#FFFFFF	#D3D3D3	-36.95	0.5	1
517	#FFFFFF	#D3D3D3	-36.45	1	1
517	#FFFFFF	#D3D3D3	-36	1.45	1
517	#FFFFFF	#D3D3D3	-35.55	1	1
517	#FFFFFF	#D3D3D3	-36	0.55	1
517	#FFFFFF	#D3D3D3	-36.45	1	1
498	#FFFFFF	#D3D3D3	-35.95	1.5	1
498	#FFFFFF	#D3D3D3	-35.5	1.95	1
498	#FFFFFF	#D3D3D3	-35.05	1.5	1
498	#FFFFFF	#D3D3D3	-35.5	1.05	1
498	#FFFFFF	#D3D3D3	-35.95	1.5	1
488	#FFFFFF	#D3D3D3	-35.45	2	1
488	#FFFFFF	#D3D3D3	-35	2.45	1
488	#FFFFFF	#D3D3D3	-34.55	2	1
488	#FFFFFF	#D3D3D3	-35	1.55	1
488	#FFFFFF	#D3D3D3	-35.45	2	1
468	#FFFFFF	#D3D3D3	-34.95	2.5	1
468	#FFFFFF	#D3D3D3	-34.5	2.95	1
468	#FFFFFF	#D3D3D3	-34.05	2.5	1
468	#FFFFFF	#D3D3D3	-34.5	2.05	1
468	#FFFFFF	#D3D3D3	-34.95	2.5	1
450	#FFFFFF	#D3D3D3	-34.45	3	1
450	#FFFFFF	#D3D3D3	-34	3.45	1
450	#FFFFFF	#D3D3D3	-33.55	3	1
450	#FFFFFF	#D3D3D3	-34	2.55	1
450	#FFFFFF	#D3D3D3	-34.45	3	1
430	#FFFFFF	#D3D3D3	-33.95	3.5	1
430	#FFFFFF	#D3D3D3	-33.5	3.95	1
430	#FFFFFF	#D3D3D3	-33.05	3.5	1
430	#FFFFFF	#D3D3D3	-33.5	3.05	1
430	#FFFFFF	#D3D3D3	-33.95	3.5	1
412	#FFFFFF	#D3D3D3	-33.45	4	1
412	#FFFFFF	#D3D3D3	-33	4.45	1
412	#FFFFFF	#D3D3D3	-32.55	4	1
412	#FFFFFF	#D3D3D3	-33	3.55	1
412	#FFFFFF	#D3D3D3	-33.45	4	1
393	#FFFFFF	#D3D3D3	-32.95	4.5	1
393	#FFFFFF	#D3D3D3	-32.5	4.95	1
393	#FFFFFF	#D3D3D3	-32.05	4.5	1
393	#FFFFFF	#D3D3D3	-32.5	4.05	1
393	#FFFFFF	#D3D3D3	-32.95	4.5	1
376	#FFFFFF	#D3D3D3	-32.45	5	1
376	#FFFFFF	#D3D3D3	-32	5.45	1
376	#FFFFFF	#D3D3D3	-31.55	5	1
376	#FFFFFF	#D3D3D3	-32	4.55	1
376	#FFFFFF	#D3D3D3	-32.45	5	1
358	#FFFFFF	#D3D3D3	-31.95	5.5	1
358	#FFFFFF	#D3D3D3	-31.5	5.95	1
358	#FFFFFF	#D3D3D3	-31.05	5.5	1
358	#FFFFFF	#D3D3D3	-31.5	5.05	1
358	#FFFFFF	#D3D3D3	-31.95	5.5	1
342	#FFFFFF	#D3D3D3	-31.45	6	1
342	#FFFFFF	#D3D3D3	-31	6.45	1
342	#FFFFFF	#D3D3D3	-30.55	6	1
342	#FFFFFF	#D3D3D3	-31	5.55	1
342	#FFFFFF	#D3D3D3	-31.45	6	1
324	#FFFFFF	#D3D3D3	-30.95	6.5	1
324	#FFFFFF	#D3D3D3	-30.5	6.95	1
324	#FFFFFF	#D3D3D3	-30.05	6.5	1
324	#FFFFFF	#D3D3D3	-30.5	6.05	1
324	#FFFFFF	#D3D3D3	-30.95	6.5	1
308	#FFFFFF	#D3D3D3	-30.45	7	1
308	#FFFFFF	#D3D3D3	-30	7.45	1
308	#FFFFFF	#D3D3D3	-29.55	7	1
308	#FFFFFF	#D3D3D3	-30	6.55	1
308	#FFFFFF	#D3D3D3	-30.45	7	1
286	#FFFFFF	#D3D3D3	-29.95	7.5	1
286	#FFFFFF	#D3D3D3	-29.5	7.95	1
286	#FFFFFF	#D3D3D3	-29.05	7.5	1
286	#FFFFFF	#D3D3D3	-29.5	7.05	1
286	#FFFFFF	#D3D3D3	-29.95	7.5	1
271	#FFFFFF	#D3D3D3	-29.45	8	1
271	#FFFFFF	#D3D3D3	-29	8.45	1
271	#FFFFFF	#D3D3D3	-28.55	8	1
271	#FFFFFF	#D3D3D3	-29	7.55	1
271	#FFFFFF	#D3D3D3	-29.45	8	1
255	#FFFFFF	#D3D3D3	-28.95	8.5	1
255	#FFFFFF	#D3D3D3	-28.5	8.95	1
255	#FFFFFF	#D3D3D3	-28.05	8.5	1
255	#FFFFFF	#D3D3D3	-28.5	8.05	1
255	#FFFFFF	#D3D3D3	-28.95	8.5	1
241	#FFFFFF	#D3D3D3	-28.45	9	1
241	#FFFFFF	#D3D3D3	-28	9.45	1
241	#FFFFFF	#D3D3D3	-27.55	9	1
241	#FFFFFF	#D3D3D3	-28	8.55	1
241	#FFFFFF	#D3D3D3	-28.45	9	1
226	#FFFFFF	#D3D3D3	-27.95	9.5	1
226	#FFFFFF	#D3D3D3	-27.5	9.95	1
226	#FFFFFF	#D3D3D3	-27.05	9.5	1
226	#FFFFFF	#D3D3D3	-27.5	9.05	1
226	#FFFFFF	#D3D3D3	-27.95	9.5	1
201	#FFFFFF	#D3D3D3	-27.45	10	1
201	#FFFFFF	#D3D3D3	-27	10.45	1
201	#FFFFFF	#D3D3D3	-26.55	10	1
201	#FFFFFF	#D3D3D3	-27	9.55	1
201	#FFFFFF	#D3D3D3	-27.45	10	1
188	#FFFFFF	#D3D3D3	-26.95	10.5	1
188	#FFFFFF	#D3D3D3	-26.5	10.95	1
188	#FFFFFF	#D3D3D3	-26.05	10.5	1
188	#FFFFFF	#D3D3D3	-26.5	10.05	1
188	#FFFFFF	#D3D3D3	-26.95	10.5	1
176	#FFFFFF	#D3D3D3	-26.45	11	1
176	#FFFFFF	#D3D3D3	-26	11.45	1
176	#FFFFFF	#D3D3D3	-25.55	11	1
176	#FFFFFF	#D3D3D3	-26	10.55	1
176	#FFFFFF	#D3D3D3	-26.45	11	1
164	#FFFFFF	#D3D3D3	-25.95	11.5	1
164	#FFFFFF	#D3D3D3	-25.5	11.95	1
164	#FFFFFF	#D3D3D3	-25.05	11.5	1
164	#FFFFFF	#D3D3D3	-25.5	11.05	1
164	#FFFFFF	#D3D3D3	-25.95	11.5	1
516	#FFFFFF	#D3D3D3	-36.45	0	1
516	#FFFFFF	#D3D3D3	-36	0.45	1
516	#FFFFFF	#D3D3D3	-35.55	0	1
516	#FFFFFF	#D3D3D3	-36	-0.45	1
516	#FFFFFF	#D3D3D3	-36.45	0	1
497	#FFFFFF	#D3D3D3	-35.95	0.5	1
497	#FFFFFF	#D3D3D3	-35.5	0.95	1
497	#FFFFFF	#D3D3D3	-35.05	0.5	1
497	#FFFFFF	#D3D3D3	-35.5	0.05	1
497	#FFFFFF	#D3D3D3	-35.95	0.5	1
478	#FFFFFF	#D3D3D3	-35.45	1	1
478	#FFFFFF	#D3D3D3	-35	1.45	1
478	#FFFFFF	#D3D3D3	-34.55	1	1
478	#FFFFFF	#D3D3D3	-35	0.55	1
478	#FFFFFF	#D3D3D3	-35.45	1	1
458	#FFFFFF	#D3D3D3	-34.95	1.5	1
458	#FFFFFF	#D3D3D3	-34.5	1.95	1
458	#FFFFFF	#D3D3D3	-34.05	1.5	1
458	#FFFFFF	#D3D3D3	-34.5	1.05	1
458	#FFFFFF	#D3D3D3	-34.95	1.5	1
448	#FFFFFF	#D3D3D3	-34.45	2	1
448	#FFFFFF	#D3D3D3	-34	2.45	1
448	#FFFFFF	#D3D3D3	-33.55	2	1
448	#FFFFFF	#D3D3D3	-34	1.55	1
448	#FFFFFF	#D3D3D3	-34.45	2	1
429	#FFFFFF	#D3D3D3	-33.95	2.5	1
429	#FFFFFF	#D3D3D3	-33.5	2.95	1
429	#FFFFFF	#D3D3D3	-33.05	2.5	1
429	#FFFFFF	#D3D3D3	-33.5	2.05	1
429	#FFFFFF	#D3D3D3	-33.95	2.5	1
411	#FFFFFF	#D3D3D3	-33.45	3	1
411	#FFFFFF	#D3D3D3	-33	3.45	1
411	#FFFFFF	#D3D3D3	-32.55	3	1
411	#FFFFFF	#D3D3D3	-33	2.55	1
411	#FFFFFF	#D3D3D3	-33.45	3	1
392	#FFFFFF	#D3D3D3	-32.95	3.5	1
392	#FFFFFF	#D3D3D3	-32.5	3.95	1
392	#FFFFFF	#D3D3D3	-32.05	3.5	1
392	#FFFFFF	#D3D3D3	-32.5	3.05	1
392	#FFFFFF	#D3D3D3	-32.95	3.5	1
375	#FFFFFF	#D3D3D3	-32.45	4	1
375	#FFFFFF	#D3D3D3	-32	4.45	1
375	#FFFFFF	#D3D3D3	-31.55	4	1
375	#FFFFFF	#D3D3D3	-32	3.55	1
375	#FFFFFF	#D3D3D3	-32.45	4	1
357	#FFFFFF	#D3D3D3	-31.95	4.5	1
357	#FFFFFF	#D3D3D3	-31.5	4.95	1
357	#FFFFFF	#D3D3D3	-31.05	4.5	1
357	#FFFFFF	#D3D3D3	-31.5	4.05	1
357	#FFFFFF	#D3D3D3	-31.95	4.5	1
341	#FFFFFF	#D3D3D3	-31.45	5	1
341	#FFFFFF	#D3D3D3	-31	5.45	1
341	#FFFFFF	#D3D3D3	-30.55	5	1
341	#FFFFFF	#D3D3D3	-31	4.55	1
341	#FFFFFF	#D3D3D3	-31.45	5	1
323	#FFFFFF	#D3D3D3	-30.95	5.5	1
323	#FFFFFF	#D3D3D3	-30.5	5.95	1
323	#FFFFFF	#D3D3D3	-30.05	5.5	1
323	#FFFFFF	#D3D3D3	-30.5	5.05	1
323	#FFFFFF	#D3D3D3	-30.95	5.5	1
307	#FFFFFF	#D3D3D3	-30.45	6	1
307	#FFFFFF	#D3D3D3	-30	6.45	1
307	#FFFFFF	#D3D3D3	-29.55	6	1
307	#FFFFFF	#D3D3D3	-30	5.55	1
307	#FFFFFF	#D3D3D3	-30.45	6	1
285	#FFFFFF	#D3D3D3	-29.95	6.5	1
285	#FFFFFF	#D3D3D3	-29.5	6.95	1
285	#FFFFFF	#D3D3D3	-29.05	6.5	1
285	#FFFFFF	#D3D3D3	-29.5	6.05	1
285	#FFFFFF	#D3D3D3	-29.95	6.5	1
270	#FFFFFF	#D3D3D3	-29.45	7	1
270	#FFFFFF	#D3D3D3	-29	7.45	1
270	#FFFFFF	#D3D3D3	-28.55	7	1
270	#FFFFFF	#D3D3D3	-29	6.55	1
270	#FFFFFF	#D3D3D3	-29.45	7	1
254	#FFFFFF	#D3D3D3	-28.95	7.5	1
254	#FFFFFF	#D3D3D3	-28.5	7.95	1
254	#FFFFFF	#D3D3D3	-28.05	7.5	1
254	#FFFFFF	#D3D3D3	-28.5	7.05	1
254	#FFFFFF	#D3D3D3	-28.95	7.5	1
240	#FFFFFF	#D3D3D3	-28.45	8	1
240	#FFFFFF	#D3D3D3	-28	8.45	1
240	#FFFFFF	#D3D3D3	-27.55	8	1
240	#FFFFFF	#D3D3D3	-28	7.55	1
240	#FFFFFF	#D3D3D3	-28.45	8	1
225	#FFFFFF	#D3D3D3	-27.95	8.5	1
225	#FFFFFF	#D3D3D3	-27.5	8.95	1
225	#FFFFFF	#D3D3D3	-27.05	8.5	1
225	#FFFFFF	#D3D3D3	-27.5	8.05	1
225	#FFFFFF	#D3D3D3	-27.95	8.5	1
212	#FFFFFF	#D3D3D3	-27.45	9	1
212	#FFFFFF	#D3D3D3	-27	9.45	1
212	#FFFFFF	#D3D3D3	-26.55	9	1
212	#FFFFFF	#D3D3D3	-27	8.55	1
212	#FFFFFF	#D3D3D3	-27.45	9	1
198	#FFFFFF	#D3D3D3	-26.95	9.5	1
198	#FFFFFF	#D3D3D3	-26.5	9.95	1
198	#FFFFFF	#D3D3D3	-26.05	9.5	1
198	#FFFFFF	#D3D3D3	-26.5	9.05	1
198	#FFFFFF	#D3D3D3	-26.95	9.5	1
175	#FFFFFF	#D3D3D3	-26.45	10	1
175	#FFFFFF	#D3D3D3	-26	10.45	1
175	#FFFFFF	#D3D3D3	-25.55	10	1
175	#FFFFFF	#D3D3D3	-26	9.55	1
175	#FFFFFF	#D3D3D3	-26.45	10	1
163	#FFFFFF	#D3D3D3	-25.95	10.5	1
163	#FFFFFF	#D3D3D3	-25.5	10.95	1
163	#FFFFFF	#D3D3D3	-25.05	10.5	1
163	#FFFFFF	#D3D3D3	-25.5	10.05	1
163	#FFFFFF	#D3D3D3	-25.95	10.5	1
152	#FFFFFF	#D3D3D3	-25.45	11	1
152	#FFFFFF	#D3D3D3	-25	11.45	1
152	#FFFFFF	#D3D3D3	-24.55	11	1
152	#FFFFFF	#D3D3D3	-25	10.55	1
152	#FFFFFF	#D3D3D3	-25.45	11	1
477	#FFFFFF	#D3D3D3	-35.45	0	1
477	#FFFFFF	#D3D3D3	-35	0.45	1
477	#FFFFFF	#D3D3D3	-34.55	0	1
477	#FFFFFF	#D3D3D3	-35	-0.45	1
477	#FFFFFF	#D3D3D3	-35.45	0	1
457	#FFFFFF	#D3D3D3	-34.95	0.5	1
457	#FFFFFF	#D3D3D3	-34.5	0.95	1
457	#FFFFFF	#D3D3D3	-34.05	0.5	1
457	#FFFFFF	#D3D3D3	-34.5	0.05	1
457	#FFFFFF	#D3D3D3	-34.95	0.5	1
438	#FFFFFF	#D3D3D3	-34.45	1	1
438	#FFFFFF	#D3D3D3	-34	1.45	1
438	#FFFFFF	#D3D3D3	-33.55	1	1
438	#FFFFFF	#D3D3D3	-34	0.55	1
438	#FFFFFF	#D3D3D3	-34.45	1	1
419	#FFFFFF	#D3D3D3	-33.95	1.5	1
419	#FFFFFF	#D3D3D3	-33.5	1.95	1
419	#FFFFFF	#D3D3D3	-33.05	1.5	1
419	#FFFFFF	#D3D3D3	-33.5	1.05	1
419	#FFFFFF	#D3D3D3	-33.95	1.5	1
410	#FFFFFF	#D3D3D3	-33.45	2	1
410	#FFFFFF	#D3D3D3	-33	2.45	1
410	#FFFFFF	#D3D3D3	-32.55	2	1
410	#FFFFFF	#D3D3D3	-33	1.55	1
410	#FFFFFF	#D3D3D3	-33.45	2	1
391	#FFFFFF	#D3D3D3	-32.95	2.5	1
391	#FFFFFF	#D3D3D3	-32.5	2.95	1
391	#FFFFFF	#D3D3D3	-32.05	2.5	1
391	#FFFFFF	#D3D3D3	-32.5	2.05	1
391	#FFFFFF	#D3D3D3	-32.95	2.5	1
374	#FFFFFF	#D3D3D3	-32.45	3	1
374	#FFFFFF	#D3D3D3	-32	3.45	1
374	#FFFFFF	#D3D3D3	-31.55	3	1
374	#FFFFFF	#D3D3D3	-32	2.55	1
374	#FFFFFF	#D3D3D3	-32.45	3	1
356	#FFFFFF	#D3D3D3	-31.95	3.5	1
356	#FFFFFF	#D3D3D3	-31.5	3.95	1
356	#FFFFFF	#D3D3D3	-31.05	3.5	1
356	#FFFFFF	#D3D3D3	-31.5	3.05	1
356	#FFFFFF	#D3D3D3	-31.95	3.5	1
340	#FFFFFF	#D3D3D3	-31.45	4	1
340	#FFFFFF	#D3D3D3	-31	4.45	1
340	#FFFFFF	#D3D3D3	-30.55	4	1
340	#FFFFFF	#D3D3D3	-31	3.55	1
340	#FFFFFF	#D3D3D3	-31.45	4	1
322	#FFFFFF	#D3D3D3	-30.95	4.5	1
322	#FFFFFF	#D3D3D3	-30.5	4.95	1
322	#FFFFFF	#D3D3D3	-30.05	4.5	1
322	#FFFFFF	#D3D3D3	-30.5	4.05	1
322	#FFFFFF	#D3D3D3	-30.95	4.5	1
306	#FFFFFF	#D3D3D3	-30.45	5	1
306	#FFFFFF	#D3D3D3	-30	5.45	1
306	#FFFFFF	#D3D3D3	-29.55	5	1
306	#FFFFFF	#D3D3D3	-30	4.55	1
306	#FFFFFF	#D3D3D3	-30.45	5	1
284	#FFFFFF	#D3D3D3	-29.95	5.5	1
284	#FFFFFF	#D3D3D3	-29.5	5.95	1
284	#FFFFFF	#D3D3D3	-29.05	5.5	1
284	#FFFFFF	#D3D3D3	-29.5	5.05	1
284	#FFFFFF	#D3D3D3	-29.95	5.5	1
269	#FFFFFF	#D3D3D3	-29.45	6	1
269	#FFFFFF	#D3D3D3	-29	6.45	1
269	#FFFFFF	#D3D3D3	-28.55	6	1
269	#FFFFFF	#D3D3D3	-29	5.55	1
269	#FFFFFF	#D3D3D3	-29.45	6	1
253	#FFFFFF	#D3D3D3	-28.95	6.5	1
253	#FFFFFF	#D3D3D3	-28.5	6.95	1
253	#FFFFFF	#D3D3D3	-28.05	6.5	1
253	#FFFFFF	#D3D3D3	-28.5	6.05	1
253	#FFFFFF	#D3D3D3	-28.95	6.5	1
239	#FFFFFF	#D3D3D3	-28.45	7	1
239	#FFFFFF	#D3D3D3	-28	7.45	1
239	#FFFFFF	#D3D3D3	-27.55	7	1
239	#FFFFFF	#D3D3D3	-28	6.55	1
239	#FFFFFF	#D3D3D3	-28.45	7	1
224	#FFFFFF	#D3D3D3	-27.95	7.5	1
224	#FFFFFF	#D3D3D3	-27.5	7.95	1
224	#FFFFFF	#D3D3D3	-27.05	7.5	1
224	#FFFFFF	#D3D3D3	-27.5	7.05	1
224	#FFFFFF	#D3D3D3	-27.95	7.5	1
211	#FFFFFF	#D3D3D3	-27.45	8	1
211	#FFFFFF	#D3D3D3	-27	8.45	1
211	#FFFFFF	#D3D3D3	-26.55	8	1
211	#FFFFFF	#D3D3D3	-27	7.55	1
211	#FFFFFF	#D3D3D3	-27.45	8	1
197	#FFFFFF	#D3D3D3	-26.95	8.5	1
197	#FFFFFF	#D3D3D3	-26.5	8.95	1
197	#FFFFFF	#D3D3D3	-26.05	8.5	1
197	#FFFFFF	#D3D3D3	-26.5	8.05	1
197	#FFFFFF	#D3D3D3	-26.95	8.5	1
185	#FFFFFF	#D3D3D3	-26.45	9	1
185	#FFFFFF	#D3D3D3	-26	9.45	1
185	#FFFFFF	#D3D3D3	-25.55	9	1
185	#FFFFFF	#D3D3D3	-26	8.55	1
185	#FFFFFF	#D3D3D3	-26.45	9	1
172	#FFFFFF	#D3D3D3	-25.95	9.5	1
172	#FFFFFF	#D3D3D3	-25.5	9.95	1
172	#FFFFFF	#D3D3D3	-25.05	9.5	1
172	#FFFFFF	#D3D3D3	-25.5	9.05	1
172	#FFFFFF	#D3D3D3	-25.95	9.5	1
151	#FFFFFF	#D3D3D3	-25.45	10	1
151	#FFFFFF	#D3D3D3	-25	10.45	1
151	#FFFFFF	#D3D3D3	-24.55	10	1
151	#FFFFFF	#D3D3D3	-25	9.55	1
151	#FFFFFF	#D3D3D3	-25.45	10	1
140	#FFFFFF	#D3D3D3	-24.95	10.5	1
140	#FFFFFF	#D3D3D3	-24.5	10.95	1
140	#FFFFFF	#D3D3D3	-24.05	10.5	1
140	#FFFFFF	#D3D3D3	-24.5	10.05	1
140	#FFFFFF	#D3D3D3	-24.95	10.5	1
437	#FFFFFF	#D3D3D3	-34.45	0	1
437	#FFFFFF	#D3D3D3	-34	0.45	1
437	#FFFFFF	#D3D3D3	-33.55	0	1
437	#FFFFFF	#D3D3D3	-34	-0.45	1
437	#FFFFFF	#D3D3D3	-34.45	0	1
418	#FFFFFF	#D3D3D3	-33.95	0.5	1
418	#FFFFFF	#D3D3D3	-33.5	0.95	1
418	#FFFFFF	#D3D3D3	-33.05	0.5	1
418	#FFFFFF	#D3D3D3	-33.5	0.05	1
418	#FFFFFF	#D3D3D3	-33.95	0.5	1
400	#FFFFFF	#D3D3D3	-33.45	1	1
400	#FFFFFF	#D3D3D3	-33	1.45	1
400	#FFFFFF	#D3D3D3	-32.55	1	1
400	#FFFFFF	#D3D3D3	-33	0.55	1
400	#FFFFFF	#D3D3D3	-33.45	1	1
382	#FFFFFF	#D3D3D3	-32.95	1.5	1
382	#FFFFFF	#D3D3D3	-32.5	1.95	1
382	#FFFFFF	#D3D3D3	-32.05	1.5	1
382	#FFFFFF	#D3D3D3	-32.5	1.05	1
382	#FFFFFF	#D3D3D3	-32.95	1.5	1
373	#FFFFFF	#D3D3D3	-32.45	2	1
373	#FFFFFF	#D3D3D3	-32	2.45	1
373	#FFFFFF	#D3D3D3	-31.55	2	1
373	#FFFFFF	#D3D3D3	-32	1.55	1
373	#FFFFFF	#D3D3D3	-32.45	2	1
355	#FFFFFF	#D3D3D3	-31.95	2.5	1
355	#FFFFFF	#D3D3D3	-31.5	2.95	1
355	#FFFFFF	#D3D3D3	-31.05	2.5	1
355	#FFFFFF	#D3D3D3	-31.5	2.05	1
355	#FFFFFF	#D3D3D3	-31.95	2.5	1
339	#FFFFFF	#D3D3D3	-31.45	3	1
339	#FFFFFF	#D3D3D3	-31	3.45	1
339	#FFFFFF	#D3D3D3	-30.55	3	1
339	#FFFFFF	#D3D3D3	-31	2.55	1
339	#FFFFFF	#D3D3D3	-31.45	3	1
321	#FFFFFF	#D3D3D3	-30.95	3.5	1
321	#FFFFFF	#D3D3D3	-30.5	3.95	1
321	#FFFFFF	#D3D3D3	-30.05	3.5	1
321	#FFFFFF	#D3D3D3	-30.5	3.05	1
321	#FFFFFF	#D3D3D3	-30.95	3.5	1
305	#FFFFFF	#D3D3D3	-30.45	4	1
305	#FFFFFF	#D3D3D3	-30	4.45	1
305	#FFFFFF	#D3D3D3	-29.55	4	1
305	#FFFFFF	#D3D3D3	-30	3.55	1
305	#FFFFFF	#D3D3D3	-30.45	4	1
283	#FFFFFF	#D3D3D3	-29.95	4.5	1
283	#FFFFFF	#D3D3D3	-29.5	4.95	1
283	#FFFFFF	#D3D3D3	-29.05	4.5	1
283	#FFFFFF	#D3D3D3	-29.5	4.05	1
283	#FFFFFF	#D3D3D3	-29.95	4.5	1
268	#FFFFFF	#D3D3D3	-29.45	5	1
268	#FFFFFF	#D3D3D3	-29	5.45	1
268	#FFFFFF	#D3D3D3	-28.55	5	1
268	#FFFFFF	#D3D3D3	-29	4.55	1
268	#FFFFFF	#D3D3D3	-29.45	5	1
252	#FFFFFF	#D3D3D3	-28.95	5.5	1
252	#FFFFFF	#D3D3D3	-28.5	5.95	1
252	#FFFFFF	#D3D3D3	-28.05	5.5	1
252	#FFFFFF	#D3D3D3	-28.5	5.05	1
252	#FFFFFF	#D3D3D3	-28.95	5.5	1
238	#FFFFFF	#D3D3D3	-28.45	6	1
238	#FFFFFF	#D3D3D3	-28	6.45	1
238	#FFFFFF	#D3D3D3	-27.55	6	1
238	#FFFFFF	#D3D3D3	-28	5.55	1
238	#FFFFFF	#D3D3D3	-28.45	6	1
223	#FFFFFF	#D3D3D3	-27.95	6.5	1
223	#FFFFFF	#D3D3D3	-27.5	6.95	1
223	#FFFFFF	#D3D3D3	-27.05	6.5	1
223	#FFFFFF	#D3D3D3	-27.5	6.05	1
223	#FFFFFF	#D3D3D3	-27.95	6.5	1
210	#FFFFFF	#D3D3D3	-27.45	7	1
210	#FFFFFF	#D3D3D3	-27	7.45	1
210	#FFFFFF	#D3D3D3	-26.55	7	1
210	#FFFFFF	#D3D3D3	-27	6.55	1
210	#FFFFFF	#D3D3D3	-27.45	7	1
196	#FFFFFF	#D3D3D3	-26.95	7.5	1
196	#FFFFFF	#D3D3D3	-26.5	7.95	1
196	#FFFFFF	#D3D3D3	-26.05	7.5	1
196	#FFFFFF	#D3D3D3	-26.5	7.05	1
196	#FFFFFF	#D3D3D3	-26.95	7.5	1
184	#FFFFFF	#D3D3D3	-26.45	8	1
184	#FFFFFF	#D3D3D3	-26	8.45	1
184	#FFFFFF	#D3D3D3	-25.55	8	1
184	#FFFFFF	#D3D3D3	-26	7.55	1
184	#FFFFFF	#D3D3D3	-26.45	8	1
171	#FFFFFF	#D3D3D3	-25.95	8.5	1
171	#FFFFFF	#D3D3D3	-25.5	8.95	1
171	#FFFFFF	#D3D3D3	-25.05	8.5	1
171	#FFFFFF	#D3D3D3	-25.5	8.05	1
171	#FFFFFF	#D3D3D3	-25.95	8.5	1
160	#FFFFFF	#D3D3D3	-25.45	9	1
160	#FFFFFF	#D3D3D3	-25	9.45	1
160	#FFFFFF	#D3D3D3	-24.55	9	1
160	#FFFFFF	#D3D3D3	-25	8.55	1
160	#FFFFFF	#D3D3D3	-25.45	9	1
148	#FFFFFF	#D3D3D3	-24.95	9.5	1
148	#FFFFFF	#D3D3D3	-24.5	9.95	1
148	#FFFFFF	#D3D3D3	-24.05	9.5	1
148	#FFFFFF	#D3D3D3	-24.5	9.05	1
148	#FFFFFF	#D3D3D3	-24.95	9.5	1
129	#FFFFFF	#D3D3D3	-24.45	10	1
129	#FFFFFF	#D3D3D3	-24	10.45	1
129	#FFFFFF	#D3D3D3	-23.55	10	1
129	#FFFFFF	#D3D3D3	-24	9.55	1
129	#FFFFFF	#D3D3D3	-24.45	10	1
399	#FFFFFF	#D3D3D3	-33.45	0	1
399	#FFFFFF	#D3D3D3	-33	0.45	1
399	#FFFFFF	#D3D3D3	-32.55	0	1
399	#FFFFFF	#D3D3D3	-33	-0.45	1
399	#FFFFFF	#D3D3D3	-33.45	0	1
381	#FFFFFF	#D3D3D3	-32.95	0.5	1
381	#FFFFFF	#D3D3D3	-32.5	0.95	1
381	#FFFFFF	#D3D3D3	-32.05	0.5	1
381	#FFFFFF	#D3D3D3	-32.5	0.05	1
381	#FFFFFF	#D3D3D3	-32.95	0.5	1
364	#FFFFFF	#D3D3D3	-32.45	1	1
364	#FFFFFF	#D3D3D3	-32	1.45	1
364	#FFFFFF	#D3D3D3	-31.55	1	1
364	#FFFFFF	#D3D3D3	-32	0.55	1
364	#FFFFFF	#D3D3D3	-32.45	1	1
347	#FFFFFF	#D3D3D3	-31.95	1.5	1
347	#FFFFFF	#D3D3D3	-31.5	1.95	1
347	#FFFFFF	#D3D3D3	-31.05	1.5	1
347	#FFFFFF	#D3D3D3	-31.5	1.05	1
347	#FFFFFF	#D3D3D3	-31.95	1.5	1
338	#FFFFFF	#D3D3D3	-31.45	2	1
338	#FFFFFF	#D3D3D3	-31	2.45	1
338	#FFFFFF	#D3D3D3	-30.55	2	1
338	#FFFFFF	#D3D3D3	-31	1.55	1
338	#FFFFFF	#D3D3D3	-31.45	2	1
320	#FFFFFF	#D3D3D3	-30.95	2.5	1
320	#FFFFFF	#D3D3D3	-30.5	2.95	1
320	#FFFFFF	#D3D3D3	-30.05	2.5	1
320	#FFFFFF	#D3D3D3	-30.5	2.05	1
320	#FFFFFF	#D3D3D3	-30.95	2.5	1
304	#FFFFFF	#D3D3D3	-30.45	3	1
304	#FFFFFF	#D3D3D3	-30	3.45	1
304	#FFFFFF	#D3D3D3	-29.55	3	1
304	#FFFFFF	#D3D3D3	-30	2.55	1
304	#FFFFFF	#D3D3D3	-30.45	3	1
282	#FFFFFF	#D3D3D3	-29.95	3.5	1
282	#FFFFFF	#D3D3D3	-29.5	3.95	1
282	#FFFFFF	#D3D3D3	-29.05	3.5	1
282	#FFFFFF	#D3D3D3	-29.5	3.05	1
282	#FFFFFF	#D3D3D3	-29.95	3.5	1
267	#FFFFFF	#D3D3D3	-29.45	4	1
267	#FFFFFF	#D3D3D3	-29	4.45	1
267	#FFFFFF	#D3D3D3	-28.55	4	1
267	#FFFFFF	#D3D3D3	-29	3.55	1
267	#FFFFFF	#D3D3D3	-29.45	4	1
251	#FFFFFF	#D3D3D3	-28.95	4.5	1
251	#FFFFFF	#D3D3D3	-28.5	4.95	1
251	#FFFFFF	#D3D3D3	-28.05	4.5	1
251	#FFFFFF	#D3D3D3	-28.5	4.05	1
251	#FFFFFF	#D3D3D3	-28.95	4.5	1
237	#FFFFFF	#D3D3D3	-28.45	5	1
237	#FFFFFF	#D3D3D3	-28	5.45	1
237	#FFFFFF	#D3D3D3	-27.55	5	1
237	#FFFFFF	#D3D3D3	-28	4.55	1
237	#FFFFFF	#D3D3D3	-28.45	5	1
222	#FFFFFF	#D3D3D3	-27.95	5.5	1
222	#FFFFFF	#D3D3D3	-27.5	5.95	1
222	#FFFFFF	#D3D3D3	-27.05	5.5	1
222	#FFFFFF	#D3D3D3	-27.5	5.05	1
222	#FFFFFF	#D3D3D3	-27.95	5.5	1
209	#FFFFFF	#D3D3D3	-27.45	6	1
209	#FFFFFF	#D3D3D3	-27	6.45	1
209	#FFFFFF	#D3D3D3	-26.55	6	1
209	#FFFFFF	#D3D3D3	-27	5.55	1
209	#FFFFFF	#D3D3D3	-27.45	6	1
195	#FFFFFF	#D3D3D3	-26.95	6.5	1
195	#FFFFFF	#D3D3D3	-26.5	6.95	1
195	#FFFFFF	#D3D3D3	-26.05	6.5	1
195	#FFFFFF	#D3D3D3	-26.5	6.05	1
195	#FFFFFF	#D3D3D3	-26.95	6.5	1
183	#FFFFFF	#D3D3D3	-26.45	7	1
183	#FFFFFF	#D3D3D3	-26	7.45	1
183	#FFFFFF	#D3D3D3	-25.55	7	1
183	#FFFFFF	#D3D3D3	-26	6.55	1
183	#FFFFFF	#D3D3D3	-26.45	7	1
170	#FFFFFF	#D3D3D3	-25.95	7.5	1
170	#FFFFFF	#D3D3D3	-25.5	7.95	1
170	#FFFFFF	#D3D3D3	-25.05	7.5	1
170	#FFFFFF	#D3D3D3	-25.5	7.05	1
170	#FFFFFF	#D3D3D3	-25.95	7.5	1
159	#FFFFFF	#D3D3D3	-25.45	8	1
159	#FFFFFF	#D3D3D3	-25	8.45	1
159	#FFFFFF	#D3D3D3	-24.55	8	1
159	#FFFFFF	#D3D3D3	-25	7.55	1
159	#FFFFFF	#D3D3D3	-25.45	8	1
147	#FFFFFF	#D3D3D3	-24.95	8.5	1
147	#FFFFFF	#D3D3D3	-24.5	8.95	1
147	#FFFFFF	#D3D3D3	-24.05	8.5	1
147	#FFFFFF	#D3D3D3	-24.5	8.05	1
147	#FFFFFF	#D3D3D3	-24.95	8.5	1
137	#FFFFFF	#D3D3D3	-24.45	9	1
137	#FFFFFF	#D3D3D3	-24	9.45	1
137	#FFFFFF	#D3D3D3	-23.55	9	1
137	#FFFFFF	#D3D3D3	-24	8.55	1
137	#FFFFFF	#D3D3D3	-24.45	9	1
126	#FFFFFF	#D3D3D3	-23.95	9.5	1
126	#FFFFFF	#D3D3D3	-23.5	9.95	1
126	#FFFFFF	#D3D3D3	-23.05	9.5	1
126	#FFFFFF	#D3D3D3	-23.5	9.05	1
126	#FFFFFF	#D3D3D3	-23.95	9.5	1
363	#CD1076	#000000	-32.45	0	10
363	#CD1076	#000000	-32	0.45	10
363	#CD1076	#000000	-31.55	0	10
363	#CD1076	#000000	-32	-0.45	10
363	#CD1076	#000000	-32.45	0	10
346	#CD1076	#000000	-31.95	0.5	10
346	#CD1076	#000000	-31.5	0.95	10
346	#CD1076	#000000	-31.05	0.5	10
346	#CD1076	#000000	-31.5	0.05	10
346	#CD1076	#000000	-31.95	0.5	10
329	#CD1076	#000000	-31.45	1	10
329	#CD1076	#000000	-31	1.45	10
329	#CD1076	#000000	-30.55	1	10
329	#CD1076	#000000	-31	0.55	10
329	#CD1076	#000000	-31.45	1	10
312	#CD1076	#000000	-30.95	1.5	10
312	#CD1076	#000000	-30.5	1.95	10
312	#CD1076	#000000	-30.05	1.5	10
312	#CD1076	#000000	-30.5	1.05	10
312	#CD1076	#000000	-30.95	1.5	10
303	#CD1076	#000000	-30.45	2	10
303	#CD1076	#000000	-30	2.45	10
303	#CD1076	#000000	-29.55	2	10
303	#CD1076	#000000	-30	1.55	10
303	#CD1076	#000000	-30.45	2	10
281	#CD1076	#000000	-29.95	2.5	7
281	#CD1076	#000000	-29.5	2.95	7
281	#CD1076	#000000	-29.05	2.5	7
281	#CD1076	#000000	-29.5	2.05	7
281	#CD1076	#000000	-29.95	2.5	7
266	#CD1076	#000000	-29.45	3	7
266	#CD1076	#000000	-29	3.45	7
266	#CD1076	#000000	-28.55	3	7
266	#CD1076	#000000	-29	2.55	7
266	#CD1076	#000000	-29.45	3	7
250	#CD1076	#000000	-28.95	3.5	7
250	#CD1076	#000000	-28.5	3.95	7
250	#CD1076	#000000	-28.05	3.5	7
250	#CD1076	#000000	-28.5	3.05	7
250	#CD1076	#000000	-28.95	3.5	7
236	#CD1076	#000000	-28.45	4	7
236	#CD1076	#000000	-28	4.45	7
236	#CD1076	#000000	-27.55	4	7
236	#CD1076	#000000	-28	3.55	7
236	#CD1076	#000000	-28.45	4	7
221	#CD1076	#000000	-27.95	4.5	7
221	#CD1076	#000000	-27.5	4.95	7
221	#CD1076	#000000	-27.05	4.5	7
221	#CD1076	#000000	-27.5	4.05	7
221	#CD1076	#000000	-27.95	4.5	7
208	#FFFFFF	#D3D3D3	-27.45	5	1
208	#FFFFFF	#D3D3D3	-27	5.45	1
208	#FFFFFF	#D3D3D3	-26.55	5	1
208	#FFFFFF	#D3D3D3	-27	4.55	1
208	#FFFFFF	#D3D3D3	-27.45	5	1
194	#FFFFFF	#D3D3D3	-26.95	5.5	1
194	#FFFFFF	#D3D3D3	-26.5	5.95	1
194	#FFFFFF	#D3D3D3	-26.05	5.5	1
194	#FFFFFF	#D3D3D3	-26.5	5.05	1
194	#FFFFFF	#D3D3D3	-26.95	5.5	1
182	#FFFFFF	#D3D3D3	-26.45	6	1
182	#FFFFFF	#D3D3D3	-26	6.45	1
182	#FFFFFF	#D3D3D3	-25.55	6	1
182	#FFFFFF	#D3D3D3	-26	5.55	1
182	#FFFFFF	#D3D3D3	-26.45	6	1
169	#FFFFFF	#D3D3D3	-25.95	6.5	1
169	#FFFFFF	#D3D3D3	-25.5	6.95	1
169	#FFFFFF	#D3D3D3	-25.05	6.5	1
169	#FFFFFF	#D3D3D3	-25.5	6.05	1
169	#FFFFFF	#D3D3D3	-25.95	6.5	1
158	#FFFFFF	#D3D3D3	-25.45	7	1
158	#FFFFFF	#D3D3D3	-25	7.45	1
158	#FFFFFF	#D3D3D3	-24.55	7	1
158	#FFFFFF	#D3D3D3	-25	6.55	1
158	#FFFFFF	#D3D3D3	-25.45	7	1
146	#FFFFFF	#D3D3D3	-24.95	7.5	1
146	#FFFFFF	#D3D3D3	-24.5	7.95	1
146	#FFFFFF	#D3D3D3	-24.05	7.5	1
146	#FFFFFF	#D3D3D3	-24.5	7.05	1
146	#FFFFFF	#D3D3D3	-24.95	7.5	1
136	#FFFFFF	#D3D3D3	-24.45	8	1
136	#FFFFFF	#D3D3D3	-24	8.45	1
136	#FFFFFF	#D3D3D3	-23.55	8	1
136	#FFFFFF	#D3D3D3	-24	7.55	1
136	#FFFFFF	#D3D3D3	-24.45	8	1
125	#FFFFFF	#D3D3D3	-23.95	8.5	1
125	#FFFFFF	#D3D3D3	-23.5	8.95	1
125	#FFFFFF	#D3D3D3	-23.05	8.5	1
125	#FFFFFF	#D3D3D3	-23.5	8.05	1
125	#FFFFFF	#D3D3D3	-23.95	8.5	1
116	#FFFFFF	#D3D3D3	-23.45	9	1
116	#FFFFFF	#D3D3D3	-23	9.45	1
116	#FFFFFF	#D3D3D3	-22.55	9	1
116	#FFFFFF	#D3D3D3	-23	8.55	1
116	#FFFFFF	#D3D3D3	-23.45	9	1
328	#CD1076	#000000	-31.45	0	10
328	#CD1076	#000000	-31	0.45	10
328	#CD1076	#000000	-30.55	0	10
328	#CD1076	#000000	-31	-0.45	10
328	#CD1076	#000000	-31.45	0	10
311	#CD1076	#000000	-30.95	0.5	10
311	#CD1076	#000000	-30.5	0.95	10
311	#CD1076	#000000	-30.05	0.5	10
311	#CD1076	#000000	-30.5	0.05	10
311	#CD1076	#000000	-30.95	0.5	10
295	#CD1076	#000000	-30.45	1	10
295	#CD1076	#000000	-30	1.45	10
295	#CD1076	#000000	-29.55	1	10
295	#CD1076	#000000	-30	0.55	10
295	#CD1076	#000000	-30.45	1	10
274	#CD1076	#000000	-29.95	1.5	10
274	#CD1076	#000000	-29.5	1.95	10
274	#CD1076	#000000	-29.05	1.5	10
274	#CD1076	#000000	-29.5	1.05	10
274	#CD1076	#000000	-29.95	1.5	10
265	#CD1076	#000000	-29.45	2	10
265	#CD1076	#000000	-29	2.45	10
265	#CD1076	#000000	-28.55	2	10
265	#CD1076	#000000	-29	1.55	10
265	#CD1076	#000000	-29.45	2	10
249	#CD1076	#000000	-28.95	2.5	7
249	#CD1076	#000000	-28.5	2.95	7
249	#CD1076	#000000	-28.05	2.5	7
249	#CD1076	#000000	-28.5	2.05	7
249	#CD1076	#000000	-28.95	2.5	7
235	#CD1076	#000000	-28.45	3	7
235	#CD1076	#000000	-28	3.45	7
235	#CD1076	#000000	-27.55	3	7
235	#CD1076	#000000	-28	2.55	7
235	#CD1076	#000000	-28.45	3	7
220	#CD1076	#000000	-27.95	3.5	7
220	#CD1076	#000000	-27.5	3.95	7
220	#CD1076	#000000	-27.05	3.5	7
220	#CD1076	#000000	-27.5	3.05	7
220	#CD1076	#000000	-27.95	3.5	7
207	#CD1076	#000000	-27.45	4	7
207	#CD1076	#000000	-27	4.45	7
207	#CD1076	#000000	-26.55	4	7
207	#CD1076	#000000	-27	3.55	7
207	#CD1076	#000000	-27.45	4	7
193	#FFFFFF	#D3D3D3	-26.95	4.5	1
193	#FFFFFF	#D3D3D3	-26.5	4.95	1
193	#FFFFFF	#D3D3D3	-26.05	4.5	1
193	#FFFFFF	#D3D3D3	-26.5	4.05	1
193	#FFFFFF	#D3D3D3	-26.95	4.5	1
181	#FFFFFF	#D3D3D3	-26.45	5	1
181	#FFFFFF	#D3D3D3	-26	5.45	1
181	#FFFFFF	#D3D3D3	-25.55	5	1
181	#FFFFFF	#D3D3D3	-26	4.55	1
181	#FFFFFF	#D3D3D3	-26.45	5	1
168	#FFFFFF	#D3D3D3	-25.95	5.5	1
168	#FFFFFF	#D3D3D3	-25.5	5.95	1
168	#FFFFFF	#D3D3D3	-25.05	5.5	1
168	#FFFFFF	#D3D3D3	-25.5	5.05	1
168	#FFFFFF	#D3D3D3	-25.95	5.5	1
157	#FFFFFF	#D3D3D3	-25.45	6	1
157	#FFFFFF	#D3D3D3	-25	6.45	1
157	#FFFFFF	#D3D3D3	-24.55	6	1
157	#FFFFFF	#D3D3D3	-25	5.55	1
157	#FFFFFF	#D3D3D3	-25.45	6	1
145	#FFFFFF	#D3D3D3	-24.95	6.5	1
145	#FFFFFF	#D3D3D3	-24.5	6.95	1
145	#FFFFFF	#D3D3D3	-24.05	6.5	1
145	#FFFFFF	#D3D3D3	-24.5	6.05	1
145	#FFFFFF	#D3D3D3	-24.95	6.5	1
135	#FFFFFF	#D3D3D3	-24.45	7	1
135	#FFFFFF	#D3D3D3	-24	7.45	1
135	#FFFFFF	#D3D3D3	-23.55	7	1
135	#FFFFFF	#D3D3D3	-24	6.55	1
135	#FFFFFF	#D3D3D3	-24.45	7	1
124	#FFFFFF	#D3D3D3	-23.95	7.5	1
124	#FFFFFF	#D3D3D3	-23.5	7.95	1
124	#FFFFFF	#D3D3D3	-23.05	7.5	1
124	#FFFFFF	#D3D3D3	-23.5	7.05	1
124	#FFFFFF	#D3D3D3	-23.95	7.5	1
115	#FFFFFF	#D3D3D3	-23.45	8	1
115	#FFFFFF	#D3D3D3	-23	8.45	1
115	#FFFFFF	#D3D3D3	-22.55	8	1
115	#FFFFFF	#D3D3D3	-23	7.55	1
115	#FFFFFF	#D3D3D3	-23.45	8	1
106	#FFFFFF	#D3D3D3	-22.95	8.5	1
106	#FFFFFF	#D3D3D3	-22.5	8.95	1
106	#FFFFFF	#D3D3D3	-22.05	8.5	1
106	#FFFFFF	#D3D3D3	-22.5	8.05	1
106	#FFFFFF	#D3D3D3	-22.95	8.5	1
294	#CD1076	#000000	-30.45	0	10
294	#CD1076	#000000	-30	0.45	10
294	#CD1076	#000000	-29.55	0	10
294	#CD1076	#000000	-30	-0.45	10
294	#CD1076	#000000	-30.45	0	10
273	#CD1076	#000000	-29.95	0.5	10
273	#CD1076	#000000	-29.5	0.95	10
273	#CD1076	#000000	-29.05	0.5	10
273	#CD1076	#000000	-29.5	0.05	10
273	#CD1076	#000000	-29.95	0.5	10
258	#CD1076	#000000	-29.45	1	10
258	#CD1076	#000000	-29	1.45	10
258	#CD1076	#000000	-28.55	1	10
258	#CD1076	#000000	-29	0.55	10
258	#CD1076	#000000	-29.45	1	10
243	#CD1076	#000000	-28.95	1.5	10
243	#CD1076	#000000	-28.5	1.95	10
243	#CD1076	#000000	-28.05	1.5	10
243	#CD1076	#000000	-28.5	1.05	10
243	#CD1076	#000000	-28.95	1.5	10
234	#CD1076	#000000	-28.45	2	7
234	#CD1076	#000000	-28	2.45	7
234	#CD1076	#000000	-27.55	2	7
234	#CD1076	#000000	-28	1.55	7
234	#CD1076	#000000	-28.45	2	7
219	#CD1076	#000000	-27.95	2.5	7
219	#CD1076	#000000	-27.5	2.95	7
219	#CD1076	#000000	-27.05	2.5	7
219	#CD1076	#000000	-27.5	2.05	7
219	#CD1076	#000000	-27.95	2.5	7
206	#CD1076	#000000	-27.45	3	10
206	#CD1076	#000000	-27	3.45	10
206	#CD1076	#000000	-26.55	3	10
206	#CD1076	#000000	-27	2.55	10
206	#CD1076	#000000	-27.45	3	10
192	#CD1076	#000000	-26.95	3.5	7
192	#CD1076	#000000	-26.5	3.95	7
192	#CD1076	#000000	-26.05	3.5	7
192	#CD1076	#000000	-26.5	3.05	7
192	#CD1076	#000000	-26.95	3.5	7
180	#FFFFFF	#D3D3D3	-26.45	4	1
180	#FFFFFF	#D3D3D3	-26	4.45	1
180	#FFFFFF	#D3D3D3	-25.55	4	1
180	#FFFFFF	#D3D3D3	-26	3.55	1
180	#FFFFFF	#D3D3D3	-26.45	4	1
167	#FFFFFF	#D3D3D3	-25.95	4.5	1
167	#FFFFFF	#D3D3D3	-25.5	4.95	1
167	#FFFFFF	#D3D3D3	-25.05	4.5	1
167	#FFFFFF	#D3D3D3	-25.5	4.05	1
167	#FFFFFF	#D3D3D3	-25.95	4.5	1
156	#FFFFFF	#D3D3D3	-25.45	5	1
156	#FFFFFF	#D3D3D3	-25	5.45	1
156	#FFFFFF	#D3D3D3	-24.55	5	1
156	#FFFFFF	#D3D3D3	-25	4.55	1
156	#FFFFFF	#D3D3D3	-25.45	5	1
144	#FFFFFF	#D3D3D3	-24.95	5.5	1
144	#FFFFFF	#D3D3D3	-24.5	5.95	1
144	#FFFFFF	#D3D3D3	-24.05	5.5	1
144	#FFFFFF	#D3D3D3	-24.5	5.05	1
144	#FFFFFF	#D3D3D3	-24.95	5.5	1
134	#FFFFFF	#D3D3D3	-24.45	6	1
134	#FFFFFF	#D3D3D3	-24	6.45	1
134	#FFFFFF	#D3D3D3	-23.55	6	1
134	#FFFFFF	#D3D3D3	-24	5.55	1
134	#FFFFFF	#D3D3D3	-24.45	6	1
123	#FFFFFF	#D3D3D3	-23.95	6.5	1
123	#FFFFFF	#D3D3D3	-23.5	6.95	1
123	#FFFFFF	#D3D3D3	-23.05	6.5	1
123	#FFFFFF	#D3D3D3	-23.5	6.05	1
123	#FFFFFF	#D3D3D3	-23.95	6.5	1
114	#FFFFFF	#D3D3D3	-23.45	7	1
114	#FFFFFF	#D3D3D3	-23	7.45	1
114	#FFFFFF	#D3D3D3	-22.55	7	1
114	#FFFFFF	#D3D3D3	-23	6.55	1
114	#FFFFFF	#D3D3D3	-23.45	7	1
105	#FFFFFF	#D3D3D3	-22.95	7.5	1
105	#FFFFFF	#D3D3D3	-22.5	7.95	1
105	#FFFFFF	#D3D3D3	-22.05	7.5	1
105	#FFFFFF	#D3D3D3	-22.5	7.05	1
105	#FFFFFF	#D3D3D3	-22.95	7.5	1
97	#FFFFFF	#D3D3D3	-22.45	8	1
97	#FFFFFF	#D3D3D3	-22	8.45	1
97	#FFFFFF	#D3D3D3	-21.55	8	1
97	#FFFFFF	#D3D3D3	-22	7.55	1
97	#FFFFFF	#D3D3D3	-22.45	8	1
257	#CD1076	#000000	-29.45	0	10
257	#CD1076	#000000	-29	0.45	10
257	#CD1076	#000000	-28.55	0	10
257	#CD1076	#000000	-29	-0.45	10
257	#CD1076	#000000	-29.45	0	10
242	#CD1076	#000000	-28.95	0.5	10
242	#CD1076	#000000	-28.5	0.95	10
242	#CD1076	#000000	-28.05	0.5	10
242	#CD1076	#000000	-28.5	0.05	10
242	#CD1076	#000000	-28.95	0.5	10
228	#CD1076	#000000	-28.45	1	10
228	#CD1076	#000000	-28	1.45	10
228	#CD1076	#000000	-27.55	1	10
228	#CD1076	#000000	-28	0.55	10
228	#CD1076	#000000	-28.45	1	10
214	#CD1076	#000000	-27.95	1.5	10
214	#CD1076	#000000	-27.5	1.95	10
214	#CD1076	#000000	-27.05	1.5	10
214	#CD1076	#000000	-27.5	1.05	10
214	#CD1076	#000000	-27.95	1.5	10
205	#CD1076	#000000	-27.45	2	10
205	#CD1076	#000000	-27	2.45	10
205	#CD1076	#000000	-26.55	2	10
205	#CD1076	#000000	-27	1.55	10
205	#CD1076	#000000	-27.45	2	10
191	#CD1076	#000000	-26.95	2.5	10
191	#CD1076	#000000	-26.5	2.95	10
191	#CD1076	#000000	-26.05	2.5	10
191	#CD1076	#000000	-26.5	2.05	10
191	#CD1076	#000000	-26.95	2.5	10
179	#CD1076	#000000	-26.45	3	10
179	#CD1076	#000000	-26	3.45	10
179	#CD1076	#000000	-25.55	3	10
179	#CD1076	#000000	-26	2.55	10
179	#CD1076	#000000	-26.45	3	10
166	#FFFFFF	#D3D3D3	-25.95	3.5	1
166	#FFFFFF	#D3D3D3	-25.5	3.95	1
166	#FFFFFF	#D3D3D3	-25.05	3.5	1
166	#FFFFFF	#D3D3D3	-25.5	3.05	1
166	#FFFFFF	#D3D3D3	-25.95	3.5	1
155	#FFFFFF	#D3D3D3	-25.45	4	1
155	#FFFFFF	#D3D3D3	-25	4.45	1
155	#FFFFFF	#D3D3D3	-24.55	4	1
155	#FFFFFF	#D3D3D3	-25	3.55	1
155	#FFFFFF	#D3D3D3	-25.45	4	1
143	#FFFFFF	#D3D3D3	-24.95	4.5	1
143	#FFFFFF	#D3D3D3	-24.5	4.95	1
143	#FFFFFF	#D3D3D3	-24.05	4.5	1
143	#FFFFFF	#D3D3D3	-24.5	4.05	1
143	#FFFFFF	#D3D3D3	-24.95	4.5	1
133	#FFFFFF	#D3D3D3	-24.45	5	1
133	#FFFFFF	#D3D3D3	-24	5.45	1
133	#FFFFFF	#D3D3D3	-23.55	5	1
133	#FFFFFF	#D3D3D3	-24	4.55	1
133	#FFFFFF	#D3D3D3	-24.45	5	1
122	#FFFFFF	#D3D3D3	-23.95	5.5	1
122	#FFFFFF	#D3D3D3	-23.5	5.95	1
122	#FFFFFF	#D3D3D3	-23.05	5.5	1
122	#FFFFFF	#D3D3D3	-23.5	5.05	1
122	#FFFFFF	#D3D3D3	-23.95	5.5	1
113	#FFFFFF	#D3D3D3	-23.45	6	1
113	#FFFFFF	#D3D3D3	-23	6.45	1
113	#FFFFFF	#D3D3D3	-22.55	6	1
113	#FFFFFF	#D3D3D3	-23	5.55	1
113	#FFFFFF	#D3D3D3	-23.45	6	1
104	#FFFFFF	#D3D3D3	-22.95	6.5	1
104	#FFFFFF	#D3D3D3	-22.5	6.95	1
104	#FFFFFF	#D3D3D3	-22.05	6.5	1
104	#FFFFFF	#D3D3D3	-22.5	6.05	1
104	#FFFFFF	#D3D3D3	-22.95	6.5	1
96	#FFFFFF	#D3D3D3	-22.45	7	1
96	#FFFFFF	#D3D3D3	-22	7.45	1
96	#FFFFFF	#D3D3D3	-21.55	7	1
96	#FFFFFF	#D3D3D3	-22	6.55	1
96	#FFFFFF	#D3D3D3	-22.45	7	1
88	#FFFFFF	#D3D3D3	-21.95	7.5	1
88	#FFFFFF	#D3D3D3	-21.5	7.95	1
88	#FFFFFF	#D3D3D3	-21.05	7.5	1
88	#FFFFFF	#D3D3D3	-21.5	7.05	1
88	#FFFFFF	#D3D3D3	-21.95	7.5	1
227	#CD1076	#000000	-28.45	0	10
227	#CD1076	#000000	-28	0.45	10
227	#CD1076	#000000	-27.55	0	10
227	#CD1076	#000000	-28	-0.45	10
227	#CD1076	#000000	-28.45	0	10
213	#CD1076	#000000	-27.95	0.5	10
213	#CD1076	#000000	-27.5	0.95	10
213	#CD1076	#000000	-27.05	0.5	10
213	#CD1076	#000000	-27.5	0.05	10
213	#CD1076	#000000	-27.95	0.5	10
200	#CD1076	#000000	-27.45	1	10
200	#CD1076	#000000	-27	1.45	10
200	#CD1076	#000000	-26.55	1	10
200	#CD1076	#000000	-27	0.55	10
200	#CD1076	#000000	-27.45	1	10
187	#CD1076	#000000	-26.95	1.5	10
187	#CD1076	#000000	-26.5	1.95	10
187	#CD1076	#000000	-26.05	1.5	10
187	#CD1076	#000000	-26.5	1.05	10
187	#CD1076	#000000	-26.95	1.5	10
178	#CD1076	#000000	-26.45	2	10
178	#CD1076	#000000	-26	2.45	10
178	#CD1076	#000000	-25.55	2	10
178	#CD1076	#000000	-26	1.55	10
178	#CD1076	#000000	-26.45	2	10
165	#CD1076	#000000	-25.95	2.5	10
165	#CD1076	#000000	-25.5	2.95	10
165	#CD1076	#000000	-25.05	2.5	10
165	#CD1076	#000000	-25.5	2.05	10
165	#CD1076	#000000	-25.95	2.5	10
154	#FFFFFF	#D3D3D3	-25.45	3	1
154	#FFFFFF	#D3D3D3	-25	3.45	1
154	#FFFFFF	#D3D3D3	-24.55	3	1
154	#FFFFFF	#D3D3D3	-25	2.55	1
154	#FFFFFF	#D3D3D3	-25.45	3	1
142	#FFFFFF	#D3D3D3	-24.95	3.5	1
142	#FFFFFF	#D3D3D3	-24.5	3.95	1
142	#FFFFFF	#D3D3D3	-24.05	3.5	1
142	#FFFFFF	#D3D3D3	-24.5	3.05	1
142	#FFFFFF	#D3D3D3	-24.95	3.5	1
132	#FFFFFF	#D3D3D3	-24.45	4	1
132	#FFFFFF	#D3D3D3	-24	4.45	1
132	#FFFFFF	#D3D3D3	-23.55	4	1
132	#FFFFFF	#D3D3D3	-24	3.55	1
132	#FFFFFF	#D3D3D3	-24.45	4	1
121	#FFFFFF	#D3D3D3	-23.95	4.5	1
121	#FFFFFF	#D3D3D3	-23.5	4.95	1
121	#FFFFFF	#D3D3D3	-23.05	4.5	1
121	#FFFFFF	#D3D3D3	-23.5	4.05	1
121	#FFFFFF	#D3D3D3	-23.95	4.5	1
112	#FFFFFF	#D3D3D3	-23.45	5	1
112	#FFFFFF	#D3D3D3	-23	5.45	1
112	#FFFFFF	#D3D3D3	-22.55	5	1
112	#FFFFFF	#D3D3D3	-23	4.55	1
112	#FFFFFF	#D3D3D3	-23.45	5	1
103	#FFFFFF	#D3D3D3	-22.95	5.5	1
103	#FFFFFF	#D3D3D3	-22.5	5.95	1
103	#FFFFFF	#D3D3D3	-22.05	5.5	1
103	#FFFFFF	#D3D3D3	-22.5	5.05	1
103	#FFFFFF	#D3D3D3	-22.95	5.5	1
95	#FFFFFF	#D3D3D3	-22.45	6	1
95	#FFFFFF	#D3D3D3	-22	6.45	1
95	#FFFFFF	#D3D3D3	-21.55	6	1
95	#FFFFFF	#D3D3D3	-22	5.55	1
95	#FFFFFF	#D3D3D3	-22.45	6	1
87	#FFFFFF	#D3D3D3	-21.95	6.5	1
87	#FFFFFF	#D3D3D3	-21.5	6.95	1
87	#FFFFFF	#D3D3D3	-21.05	6.5	1
87	#FFFFFF	#D3D3D3	-21.5	6.05	1
87	#FFFFFF	#D3D3D3	-21.95	6.5	1
80	#FFFFFF	#D3D3D3	-21.45	7	1
80	#FFFFFF	#D3D3D3	-21	7.45	1
80	#FFFFFF	#D3D3D3	-20.55	7	1
80	#FFFFFF	#D3D3D3	-21	6.55	1
80	#FFFFFF	#D3D3D3	-21.45	7	1
199	#CD1076	#000000	-27.45	0	10
199	#CD1076	#000000	-27	0.45	10
199	#CD1076	#000000	-26.55	0	10
199	#CD1076	#000000	-27	-0.45	10
199	#CD1076	#000000	-27.45	0	10
186	#CD1076	#000000	-26.95	0.5	10
186	#CD1076	#000000	-26.5	0.95	10
186	#CD1076	#000000	-26.05	0.5	10
186	#CD1076	#000000	-26.5	0.05	10
186	#CD1076	#000000	-26.95	0.5	10
174	#CD1076	#000000	-26.45	1	10
174	#CD1076	#000000	-26	1.45	10
174	#CD1076	#000000	-25.55	1	10
174	#CD1076	#000000	-26	0.55	10
174	#CD1076	#000000	-26.45	1	10
162	#CD1076	#000000	-25.95	1.5	10
162	#CD1076	#000000	-25.5	1.95	10
162	#CD1076	#000000	-25.05	1.5	10
162	#CD1076	#000000	-25.5	1.05	10
162	#CD1076	#000000	-25.95	1.5	10
153	#CD1076	#000000	-25.45	2	10
153	#CD1076	#000000	-25	2.45	10
153	#CD1076	#000000	-24.55	2	10
153	#CD1076	#000000	-25	1.55	10
153	#CD1076	#000000	-25.45	2	10
141	#FFFFFF	#D3D3D3	-24.95	2.5	1
141	#FFFFFF	#D3D3D3	-24.5	2.95	1
141	#FFFFFF	#D3D3D3	-24.05	2.5	1
141	#FFFFFF	#D3D3D3	-24.5	2.05	1
141	#FFFFFF	#D3D3D3	-24.95	2.5	1
131	#FFFFFF	#D3D3D3	-24.45	3	1
131	#FFFFFF	#D3D3D3	-24	3.45	1
131	#FFFFFF	#D3D3D3	-23.55	3	1
131	#FFFFFF	#D3D3D3	-24	2.55	1
131	#FFFFFF	#D3D3D3	-24.45	3	1
120	#FFFFFF	#D3D3D3	-23.95	3.5	1
120	#FFFFFF	#D3D3D3	-23.5	3.95	1
120	#FFFFFF	#D3D3D3	-23.05	3.5	1
120	#FFFFFF	#D3D3D3	-23.5	3.05	1
120	#FFFFFF	#D3D3D3	-23.95	3.5	1
111	#FFFFFF	#D3D3D3	-23.45	4	1
111	#FFFFFF	#D3D3D3	-23	4.45	1
111	#FFFFFF	#D3D3D3	-22.55	4	1
111	#FFFFFF	#D3D3D3	-23	3.55	1
111	#FFFFFF	#D3D3D3	-23.45	4	1
102	#FFFFFF	#D3D3D3	-22.95	4.5	1
102	#FFFFFF	#D3D3D3	-22.5	4.95	1
102	#FFFFFF	#D3D3D3	-22.05	4.5	1
102	#FFFFFF	#D3D3D3	-22.5	4.05	1
102	#FFFFFF	#D3D3D3	-22.95	4.5	1
94	#FFFFFF	#D3D3D3	-22.45	5	1
94	#FFFFFF	#D3D3D3	-22	5.45	1
94	#FFFFFF	#D3D3D3	-21.55	5	1
94	#FFFFFF	#D3D3D3	-22	4.55	1
94	#FFFFFF	#D3D3D3	-22.45	5	1
86	#FFFFFF	#D3D3D3	-21.95	5.5	1
86	#FFFFFF	#D3D3D3	-21.5	5.95	1
86	#FFFFFF	#D3D3D3	-21.05	5.5	1
86	#FFFFFF	#D3D3D3	-21.5	5.05	1
86	#FFFFFF	#D3D3D3	-21.95	5.5	1
79	#FFFFFF	#D3D3D3	-21.45	6	1
79	#FFFFFF	#D3D3D3	-21	6.45	1
79	#FFFFFF	#D3D3D3	-20.55	6	1
79	#FFFFFF	#D3D3D3	-21	5.55	1
79	#FFFFFF	#D3D3D3	-21.45	6	1
72	#FFFFFF	#D3D3D3	-20.95	6.5	1
72	#FFFFFF	#D3D3D3	-20.5	6.95	1
72	#FFFFFF	#D3D3D3	-20.05	6.5	1
72	#FFFFFF	#D3D3D3	-20.5	6.05	1
72	#FFFFFF	#D3D3D3	-20.95	6.5	1
173	#CD1076	#000000	-26.45	0	10
173	#CD1076	#000000	-26	0.45	10
173	#CD1076	#000000	-25.55	0	10
173	#CD1076	#000000	-26	-0.45	10
173	#CD1076	#000000	-26.45	0	10
161	#CD1076	#000000	-25.95	0.5	10
161	#CD1076	#000000	-25.5	0.95	10
161	#CD1076	#000000	-25.05	0.5	10
161	#CD1076	#000000	-25.5	0.05	10
161	#CD1076	#000000	-25.95	0.5	10
150	#CD1076	#000000	-25.45	1	10
150	#CD1076	#000000	-25	1.45	10
150	#CD1076	#000000	-24.55	1	10
150	#CD1076	#000000	-25	0.55	10
150	#CD1076	#000000	-25.45	1	10
139	#CD1076	#000000	-24.95	1.5	10
139	#CD1076	#000000	-24.5	1.95	10
139	#CD1076	#000000	-24.05	1.5	10
139	#CD1076	#000000	-24.5	1.05	10
139	#CD1076	#000000	-24.95	1.5	10
130	#FFFFFF	#D3D3D3	-24.45	2	1
130	#FFFFFF	#D3D3D3	-24	2.45	1
130	#FFFFFF	#D3D3D3	-23.55	2	1
130	#FFFFFF	#D3D3D3	-24	1.55	1
130	#FFFFFF	#D3D3D3	-24.45	2	1
119	#FFFFFF	#D3D3D3	-23.95	2.5	1
119	#FFFFFF	#D3D3D3	-23.5	2.95	1
119	#FFFFFF	#D3D3D3	-23.05	2.5	1
119	#FFFFFF	#D3D3D3	-23.5	2.05	1
119	#FFFFFF	#D3D3D3	-23.95	2.5	1
110	#FFFFFF	#D3D3D3	-23.45	3	1
110	#FFFFFF	#D3D3D3	-23	3.45	1
110	#FFFFFF	#D3D3D3	-22.55	3	1
110	#FFFFFF	#D3D3D3	-23	2.55	1
110	#FFFFFF	#D3D3D3	-23.45	3	1
101	#FFFFFF	#D3D3D3	-22.95	3.5	1
101	#FFFFFF	#D3D3D3	-22.5	3.95	1
101	#FFFFFF	#D3D3D3	-22.05	3.5	1
101	#FFFFFF	#D3D3D3	-22.5	3.05	1
101	#FFFFFF	#D3D3D3	-22.95	3.5	1
93	#FFFFFF	#D3D3D3	-22.45	4	1
93	#FFFFFF	#D3D3D3	-22	4.45	1
93	#FFFFFF	#D3D3D3	-21.55	4	1
93	#FFFFFF	#D3D3D3	-22	3.55	1
93	#FFFFFF	#D3D3D3	-22.45	4	1
85	#FFFFFF	#D3D3D3	-21.95	4.5	1
85	#FFFFFF	#D3D3D3	-21.5	4.95	1
85	#FFFFFF	#D3D3D3	-21.05	4.5	1
85	#FFFFFF	#D3D3D3	-21.5	4.05	1
85	#FFFFFF	#D3D3D3	-21.95	4.5	1
78	#FFFFFF	#D3D3D3	-21.45	5	1
78	#FFFFFF	#D3D3D3	-21	5.45	1
78	#FFFFFF	#D3D3D3	-20.55	5	1
78	#FFFFFF	#D3D3D3	-21	4.55	1
78	#FFFFFF	#D3D3D3	-21.45	5	1
71	#FFFFFF	#D3D3D3	-20.95	5.5	1
71	#FFFFFF	#D3D3D3	-20.5	5.95	1
71	#FFFFFF	#D3D3D3	-20.05	5.5	1
71	#FFFFFF	#D3D3D3	-20.5	5.05	1
71	#FFFFFF	#D3D3D3	-20.95	5.5	1
65	#FFFFFF	#D3D3D3	-20.45	6	1
65	#FFFFFF	#D3D3D3	-20	6.45	1
65	#FFFFFF	#D3D3D3	-19.55	6	1
65	#FFFFFF	#D3D3D3	-20	5.55	1
65	#FFFFFF	#D3D3D3	-20.45	6	1
149	#CD1076	#000000	-25.45	0	10
149	#CD1076	#000000	-25	0.45	10
149	#CD1076	#000000	-24.55	0	10
149	#CD1076	#000000	-25	-0.45	10
149	#CD1076	#000000	-25.45	0	10
138	#CD1076	#000000	-24.95	0.5	10
138	#CD1076	#000000	-24.5	0.95	10
138	#CD1076	#000000	-24.05	0.5	10
138	#CD1076	#000000	-24.5	0.05	10
138	#CD1076	#000000	-24.95	0.5	10
128	#CD1076	#000000	-24.45	1	10
128	#CD1076	#000000	-24	1.45	10
128	#CD1076	#000000	-23.55	1	10
128	#CD1076	#000000	-24	0.55	10
128	#CD1076	#000000	-24.45	1	10
118	#FFFFFF	#D3D3D3	-23.95	1.5	1
118	#FFFFFF	#D3D3D3	-23.5	1.95	1
118	#FFFFFF	#D3D3D3	-23.05	1.5	1
118	#FFFFFF	#D3D3D3	-23.5	1.05	1
118	#FFFFFF	#D3D3D3	-23.95	1.5	1
109	#FFFFFF	#D3D3D3	-23.45	2	1
109	#FFFFFF	#D3D3D3	-23	2.45	1
109	#FFFFFF	#D3D3D3	-22.55	2	1
109	#FFFFFF	#D3D3D3	-23	1.55	1
109	#FFFFFF	#D3D3D3	-23.45	2	1
100	#FFFFFF	#D3D3D3	-22.95	2.5	1
100	#FFFFFF	#D3D3D3	-22.5	2.95	1
100	#FFFFFF	#D3D3D3	-22.05	2.5	1
100	#FFFFFF	#D3D3D3	-22.5	2.05	1
100	#FFFFFF	#D3D3D3	-22.95	2.5	1
92	#FFFFFF	#D3D3D3	-22.45	3	1
92	#FFFFFF	#D3D3D3	-22	3.45	1
92	#FFFFFF	#D3D3D3	-21.55	3	1
92	#FFFFFF	#D3D3D3	-22	2.55	1
92	#FFFFFF	#D3D3D3	-22.45	3	1
84	#FFFFFF	#D3D3D3	-21.95	3.5	1
84	#FFFFFF	#D3D3D3	-21.5	3.95	1
84	#FFFFFF	#D3D3D3	-21.05	3.5	1
84	#FFFFFF	#D3D3D3	-21.5	3.05	1
84	#FFFFFF	#D3D3D3	-21.95	3.5	1
77	#FFFFFF	#D3D3D3	-21.45	4	1
77	#FFFFFF	#D3D3D3	-21	4.45	1
77	#FFFFFF	#D3D3D3	-20.55	4	1
77	#FFFFFF	#D3D3D3	-21	3.55	1
77	#FFFFFF	#D3D3D3	-21.45	4	1
70	#FFFFFF	#D3D3D3	-20.95	4.5	1
70	#FFFFFF	#D3D3D3	-20.5	4.95	1
70	#FFFFFF	#D3D3D3	-20.05	4.5	1
70	#FFFFFF	#D3D3D3	-20.5	4.05	1
70	#FFFFFF	#D3D3D3	-20.95	4.5	1
64	#FFFFFF	#D3D3D3	-20.45	5	1
64	#FFFFFF	#D3D3D3	-20	5.45	1
64	#FFFFFF	#D3D3D3	-19.55	5	1
64	#FFFFFF	#D3D3D3	-20	4.55	1
64	#FFFFFF	#D3D3D3	-20.45	5	1
52	#FFFFFF	#D3D3D3	-19.95	5.5	1
52	#FFFFFF	#D3D3D3	-19.5	5.95	1
52	#FFFFFF	#D3D3D3	-19.05	5.5	1
52	#FFFFFF	#D3D3D3	-19.5	5.05	1
52	#FFFFFF	#D3D3D3	-19.95	5.5	1
127	#CD1076	#000000	-24.45	0	10
127	#CD1076	#000000	-24	0.45	10
127	#CD1076	#000000	-23.55	0	10
127	#CD1076	#000000	-24	-0.45	10
127	#CD1076	#000000	-24.45	0	10
117	#CD1076	#000000	-23.95	0.5	10
117	#CD1076	#000000	-23.5	0.95	10
117	#CD1076	#000000	-23.05	0.5	10
117	#CD1076	#000000	-23.5	0.05	10
117	#CD1076	#000000	-23.95	0.5	10
108	#FFFFFF	#D3D3D3	-23.45	1	1
108	#FFFFFF	#D3D3D3	-23	1.45	1
108	#FFFFFF	#D3D3D3	-22.55	1	1
108	#FFFFFF	#D3D3D3	-23	0.55	1
108	#FFFFFF	#D3D3D3	-23.45	1	1
99	#FFFFFF	#D3D3D3	-22.95	1.5	1
99	#FFFFFF	#D3D3D3	-22.5	1.95	1
99	#FFFFFF	#D3D3D3	-22.05	1.5	1
99	#FFFFFF	#D3D3D3	-22.5	1.05	1
99	#FFFFFF	#D3D3D3	-22.95	1.5	1
91	#FFFFFF	#D3D3D3	-22.45	2	1
91	#FFFFFF	#D3D3D3	-22	2.45	1
91	#FFFFFF	#D3D3D3	-21.55	2	1
91	#FFFFFF	#D3D3D3	-22	1.55	1
91	#FFFFFF	#D3D3D3	-22.45	2	1
83	#FFFFFF	#D3D3D3	-21.95	2.5	1
83	#FFFFFF	#D3D3D3	-21.5	2.95	1
83	#FFFFFF	#D3D3D3	-21.05	2.5	1
83	#FFFFFF	#D3D3D3	-21.5	2.05	1
83	#FFFFFF	#D3D3D3	-21.95	2.5	1
76	#FFFFFF	#D3D3D3	-21.45	3	1
76	#FFFFFF	#D3D3D3	-21	3.45	1
76	#FFFFFF	#D3D3D3	-20.55	3	1
76	#FFFFFF	#D3D3D3	-21	2.55	1
76	#FFFFFF	#D3D3D3	-21.45	3	1
69	#FFFFFF	#D3D3D3	-20.95	3.5	1
69	#FFFFFF	#D3D3D3	-20.5	3.95	1
69	#FFFFFF	#D3D3D3	-20.05	3.5	1
69	#FFFFFF	#D3D3D3	-20.5	3.05	1
69	#FFFFFF	#D3D3D3	-20.95	3.5	1
63	#FFFFFF	#D3D3D3	-20.45	4	1
63	#FFFFFF	#D3D3D3	-20	4.45	1
63	#FFFFFF	#D3D3D3	-19.55	4	1
63	#FFFFFF	#D3D3D3	-20	3.55	1
63	#FFFFFF	#D3D3D3	-20.45	4	1
51	#FFFFFF	#D3D3D3	-19.95	4.5	1
51	#FFFFFF	#D3D3D3	-19.5	4.95	1
51	#FFFFFF	#D3D3D3	-19.05	4.5	1
51	#FFFFFF	#D3D3D3	-19.5	4.05	1
51	#FFFFFF	#D3D3D3	-19.95	4.5	1
46	#FFFFFF	#D3D3D3	-19.45	5	1
46	#FFFFFF	#D3D3D3	-19	5.45	1
46	#FFFFFF	#D3D3D3	-18.55	5	1
46	#FFFFFF	#D3D3D3	-19	4.55	1
46	#FFFFFF	#D3D3D3	-19.45	5	1
107	#CD1076	#000000	-23.45	0	10
107	#CD1076	#000000	-23	0.45	10
107	#CD1076	#000000	-22.55	0	10
107	#CD1076	#000000	-23	-0.45	10
107	#CD1076	#000000	-23.45	0	10
98	#FFFFFF	#D3D3D3	-22.95	0.5	1
98	#FFFFFF	#D3D3D3	-22.5	0.95	1
98	#FFFFFF	#D3D3D3	-22.05	0.5	1
98	#FFFFFF	#D3D3D3	-22.5	0.05	1
98	#FFFFFF	#D3D3D3	-22.95	0.5	1
90	#FFFFFF	#D3D3D3	-22.45	1	1
90	#FFFFFF	#D3D3D3	-22	1.45	1
90	#FFFFFF	#D3D3D3	-21.55	1	1
90	#FFFFFF	#D3D3D3	-22	0.55	1
90	#FFFFFF	#D3D3D3	-22.45	1	1
82	#FFFFFF	#D3D3D3	-21.95	1.5	1
82	#FFFFFF	#D3D3D3	-21.5	1.95	1
82	#FFFFFF	#D3D3D3	-21.05	1.5	1
82	#FFFFFF	#D3D3D3	-21.5	1.05	1
82	#FFFFFF	#D3D3D3	-21.95	1.5	1
75	#FFFFFF	#D3D3D3	-21.45	2	1
75	#FFFFFF	#D3D3D3	-21	2.45	1
75	#FFFFFF	#D3D3D3	-20.55	2	1
75	#FFFFFF	#D3D3D3	-21	1.55	1
75	#FFFFFF	#D3D3D3	-21.45	2	1
68	#FFFFFF	#D3D3D3	-20.95	2.5	1
68	#FFFFFF	#D3D3D3	-20.5	2.95	1
68	#FFFFFF	#D3D3D3	-20.05	2.5	1
68	#FFFFFF	#D3D3D3	-20.5	2.05	1
68	#FFFFFF	#D3D3D3	-20.95	2.5	1
62	#FFFFFF	#D3D3D3	-20.45	3	1
62	#FFFFFF	#D3D3D3	-20	3.45	1
62	#FFFFFF	#D3D3D3	-19.55	3	1
62	#FFFFFF	#D3D3D3	-20	2.55	1
62	#FFFFFF	#D3D3D3	-20.45	3	1
50	#FFFFFF	#D3D3D3	-19.95	3.5	1
50	#FFFFFF	#D3D3D3	-19.5	3.95	1
50	#FFFFFF	#D3D3D3	-19.05	3.5	1
50	#FFFFFF	#D3D3D3	-19.5	3.05	1
50	#FFFFFF	#D3D3D3	-19.95	3.5	1
45	#FFFFFF	#D3D3D3	-19.45	4	1
45	#FFFFFF	#D3D3D3	-19	4.45	1
45	#FFFFFF	#D3D3D3	-18.55	4	1
45	#FFFFFF	#D3D3D3	-19	3.55	1
45	#FFFFFF	#D3D3D3	-19.45	4	1
40	#FFFFFF	#D3D3D3	-18.95	4.5	1
40	#FFFFFF	#D3D3D3	-18.5	4.95	1
40	#FFFFFF	#D3D3D3	-18.05	4.5	1
40	#FFFFFF	#D3D3D3	-18.5	4.05	1
40	#FFFFFF	#D3D3D3	-18.95	4.5	1
89	#FFFFFF	#D3D3D3	-22.45	0	1
89	#FFFFFF	#D3D3D3	-22	0.45	1
89	#FFFFFF	#D3D3D3	-21.55	0	1
89	#FFFFFF	#D3D3D3	-22	-0.45	1
89	#FFFFFF	#D3D3D3	-22.45	0	1
81	#FFFFFF	#D3D3D3	-21.95	0.5	1
81	#FFFFFF	#D3D3D3	-21.5	0.95	1
81	#FFFFFF	#D3D3D3	-21.05	0.5	1
81	#FFFFFF	#D3D3D3	-21.5	0.05	1
81	#FFFFFF	#D3D3D3	-21.95	0.5	1
74	#FFFFFF	#D3D3D3	-21.45	1	1
74	#FFFFFF	#D3D3D3	-21	1.45	1
74	#FFFFFF	#D3D3D3	-20.55	1	1
74	#FFFFFF	#D3D3D3	-21	0.55	1
74	#FFFFFF	#D3D3D3	-21.45	1	1
67	#FFFFFF	#D3D3D3	-20.95	1.5	1
67	#FFFFFF	#D3D3D3	-20.5	1.95	1
67	#FFFFFF	#D3D3D3	-20.05	1.5	1
67	#FFFFFF	#D3D3D3	-20.5	1.05	1
67	#FFFFFF	#D3D3D3	-20.95	1.5	1
61	#FFFFFF	#D3D3D3	-20.45	2	1
61	#FFFFFF	#D3D3D3	-20	2.45	1
61	#FFFFFF	#D3D3D3	-19.55	2	1
61	#FFFFFF	#D3D3D3	-20	1.55	1
61	#FFFFFF	#D3D3D3	-20.45	2	1
49	#FFFFFF	#D3D3D3	-19.95	2.5	1
49	#FFFFFF	#D3D3D3	-19.5	2.95	1
49	#FFFFFF	#D3D3D3	-19.05	2.5	1
49	#FFFFFF	#D3D3D3	-19.5	2.05	1
49	#FFFFFF	#D3D3D3	-19.95	2.5	1
44	#FFFFFF	#D3D3D3	-19.45	3	1
44	#FFFFFF	#D3D3D3	-19	3.45	1
44	#FFFFFF	#D3D3D3	-18.55	3	1
44	#FFFFFF	#D3D3D3	-19	2.55	1
44	#FFFFFF	#D3D3D3	-19.45	3	1
39	#FFFFFF	#D3D3D3	-18.95	3.5	1
39	#FFFFFF	#D3D3D3	-18.5	3.95	1
39	#FFFFFF	#D3D3D3	-18.05	3.5	1
39	#FFFFFF	#D3D3D3	-18.5	3.05	1
39	#FFFFFF	#D3D3D3	-18.95	3.5	1
35	#FFFFFF	#D3D3D3	-18.45	4	1
35	#FFFFFF	#D3D3D3	-18	4.45	1
35	#FFFFFF	#D3D3D3	-17.55	4	1
35	#FFFFFF	#D3D3D3	-18	3.55	1
35	#FFFFFF	#D3D3D3	-18.45	4	1
73	#FFFFFF	#D3D3D3	-21.45	0	1
73	#FFFFFF	#D3D3D3	-21	0.45	1
73	#FFFFFF	#D3D3D3	-20.55	0	1
73	#FFFFFF	#D3D3D3	-21	-0.45	1
73	#FFFFFF	#D3D3D3	-21.45	0	1
66	#FFFFFF	#D3D3D3	-20.95	0.5	1
66	#FFFFFF	#D3D3D3	-20.5	0.95	1
66	#FFFFFF	#D3D3D3	-20.05	0.5	1
66	#FFFFFF	#D3D3D3	-20.5	0.05	1
66	#FFFFFF	#D3D3D3	-20.95	0.5	1
60	#FFFFFF	#D3D3D3	-20.45	1	1
60	#FFFFFF	#D3D3D3	-20	1.45	1
60	#FFFFFF	#D3D3D3	-19.55	1	1
60	#FFFFFF	#D3D3D3	-20	0.55	1
60	#FFFFFF	#D3D3D3	-20.45	1	1
48	#FFFFFF	#D3D3D3	-19.95	1.5	1
48	#FFFFFF	#D3D3D3	-19.5	1.95	1
48	#FFFFFF	#D3D3D3	-19.05	1.5	1
48	#FFFFFF	#D3D3D3	-19.5	1.05	1
48	#FFFFFF	#D3D3D3	-19.95	1.5	1
43	#FFFFFF	#D3D3D3	-19.45	2	1
43	#FFFFFF	#D3D3D3	-19	2.45	1
43	#FFFFFF	#D3D3D3	-18.55	2	1
43	#FFFFFF	#D3D3D3	-19	1.55	1
43	#FFFFFF	#D3D3D3	-19.45	2	1
38	#FFFFFF	#D3D3D3	-18.95	2.5	1
38	#FFFFFF	#D3D3D3	-18.5	2.95	1
38	#FFFFFF	#D3D3D3	-18.05	2.5	1
38	#FFFFFF	#D3D3D3	-18.5	2.05	1
38	#FFFFFF	#D3D3D3	-18.95	2.5	1
34	#FFFFFF	#D3D3D3	-18.45	3	1
34	#FFFFFF	#D3D3D3	-18	3.45	1
34	#FFFFFF	#D3D3D3	-17.55	3	1
34	#FFFFFF	#D3D3D3	-18	2.55	1
34	#FFFFFF	#D3D3D3	-18.45	3	1
30	#FFFFFF	#D3D3D3	-17.95	3.5	1
30	#FFFFFF	#D3D3D3	-17.5	3.95	1
30	#FFFFFF	#D3D3D3	-17.05	3.5	1
30	#FFFFFF	#D3D3D3	-17.5	3.05	1
30	#FFFFFF	#D3D3D3	-17.95	3.5	1
59	#FFFFFF	#D3D3D3	-20.45	0	1
59	#FFFFFF	#D3D3D3	-20	0.45	1
59	#FFFFFF	#D3D3D3	-19.55	0	1
59	#FFFFFF	#D3D3D3	-20	-0.45	1
59	#FFFFFF	#D3D3D3	-20.45	0	1
47	#FFFFFF	#D3D3D3	-19.95	0.5	1
47	#FFFFFF	#D3D3D3	-19.5	0.95	1
47	#FFFFFF	#D3D3D3	-19.05	0.5	1
47	#FFFFFF	#D3D3D3	-19.5	0.05	1
47	#FFFFFF	#D3D3D3	-19.95	0.5	1
42	#FFFFFF	#D3D3D3	-19.45	1	1
42	#FFFFFF	#D3D3D3	-19	1.45	1
42	#FFFFFF	#D3D3D3	-18.55	1	1
42	#FFFFFF	#D3D3D3	-19	0.55	1
42	#FFFFFF	#D3D3D3	-19.45	1	1
37	#FFFFFF	#D3D3D3	-18.95	1.5	1
37	#FFFFFF	#D3D3D3	-18.5	1.95	1
37	#FFFFFF	#D3D3D3	-18.05	1.5	1
37	#FFFFFF	#D3D3D3	-18.5	1.05	1
37	#FFFFFF	#D3D3D3	-18.95	1.5	1
33	#FFFFFF	#D3D3D3	-18.45	2	1
33	#FFFFFF	#D3D3D3	-18	2.45	1
33	#FFFFFF	#D3D3D3	-17.55	2	1
33	#FFFFFF	#D3D3D3	-18	1.55	1
33	#FFFFFF	#D3D3D3	-18.45	2	1
29	#FFFFFF	#D3D3D3	-17.95	2.5	1
29	#FFFFFF	#D3D3D3	-17.5	2.95	1
29	#FFFFFF	#D3D3D3	-17.05	2.5	1
29	#FFFFFF	#D3D3D3	-17.5	2.05	1
29	#FFFFFF	#D3D3D3	-17.95	2.5	1
26	#FFFFFF	#D3D3D3	-17.45	3	1
26	#FFFFFF	#D3D3D3	-17	3.45	1
26	#FFFFFF	#D3D3D3	-16.55	3	1
26	#FFFFFF	#D3D3D3	-17	2.55	1
26	#FFFFFF	#D3D3D3	-17.45	3	1
41	#FFFFFF	#D3D3D3	-19.45	0	1
41	#FFFFFF	#D3D3D3	-19	0.45	1
41	#FFFFFF	#D3D3D3	-18.55	0	1
41	#FFFFFF	#D3D3D3	-19	-0.45	1
41	#FFFFFF	#D3D3D3	-19.45	0	1
36	#FFFFFF	#D3D3D3	-18.95	0.5	1
36	#FFFFFF	#D3D3D3	-18.5	0.95	1
36	#FFFFFF	#D3D3D3	-18.05	0.5	1
36	#FFFFFF	#D3D3D3	-18.5	0.05	1
36	#FFFFFF	#D3D3D3	-18.95	0.5	1
32	#FFFFFF	#D3D3D3	-18.45	1	1
32	#FFFFFF	#D3D3D3	-18	1.45	1
32	#FFFFFF	#D3D3D3	-17.55	1	1
32	#FFFFFF	#D3D3D3	-18	0.55	1
32	#FFFFFF	#D3D3D3	-18.45	1	1
28	#FFFFFF	#D3D3D3	-17.95	1.5	1
28	#FFFFFF	#D3D3D3	-17.5	1.95	1
28	#FFFFFF	#D3D3D3	-17.05	1.5	1
28	#FFFFFF	#D3D3D3	-17.5	1.05	1
28	#FFFFFF	#D3D3D3	-17.95	1.5	1
25	#FFFFFF	#D3D3D3	-17.45	2	1
25	#FFFFFF	#D3D3D3	-17	2.45	1
25	#FFFFFF	#D3D3D3	-16.55	2	1
25	#FFFFFF	#D3D3D3	-17	1.55	1
25	#FFFFFF	#D3D3D3	-17.45	2	1
22	#FFFFFF	#D3D3D3	-16.95	2.5	1
22	#FFFFFF	#D3D3D3	-16.5	2.95	1
22	#FFFFFF	#D3D3D3	-16.05	2.5	1
22	#FFFFFF	#D3D3D3	-16.5	2.05	1
22	#FFFFFF	#D3D3D3	-16.95	2.5	1
31	#FFFFFF	#D3D3D3	-18.45	0	1
31	#FFFFFF	#D3D3D3	-18	0.45	1
31	#FFFFFF	#D3D3D3	-17.55	0	1
31	#FFFFFF	#D3D3D3	-18	-0.45	1
31	#FFFFFF	#D3D3D3	-18.45	0	1
27	#FFFFFF	#D3D3D3	-17.95	0.5	1
27	#FFFFFF	#D3D3D3	-17.5	0.95	1
27	#FFFFFF	#D3D3D3	-17.05	0.5	1
27	#FFFFFF	#D3D3D3	-17.5	0.05	1
27	#FFFFFF	#D3D3D3	-17.95	0.5	1
24	#FFFFFF	#D3D3D3	-17.45	1	1
24	#FFFFFF	#D3D3D3	-17	1.45	1
24	#FFFFFF	#D3D3D3	-16.55	1	1
24	#FFFFFF	#D3D3D3	-17	0.55	1
24	#FFFFFF	#D3D3D3	-17.45	1	1
21	#FFFFFF	#D3D3D3	-16.95	1.5	1
21	#FFFFFF	#D3D3D3	-16.5	1.95	1
21	#FFFFFF	#D3D3D3	-16.05	1.5	1
21	#FFFFFF	#D3D3D3	-16.5	1.05	1
21	#FFFFFF	#D3D3D3	-16.95	1.5	1
19	#FFFFFF	#D3D3D3	-16.45	2	1
19	#FFFFFF	#D3D3D3	-16	2.45	1
19	#FFFFFF	#D3D3D3	-15.55	2	1
19	#FFFFFF	#D3D3D3	-16	1.55	1
19	#FFFFFF	#D3D3D3	-16.45	2	1
23	#FFFFFF	#D3D3D3	-17.45	0	1
23	#FFFFFF	#D3D3D3	-17	0.45	1
23	#FFFFFF	#D3D3D3	-16.55	0	1
23	#FFFFFF	#D3D3D3	-17	-0.45	1
23	#FFFFFF	#D3D3D3	-17.45	0	1
20	#FFFFFF	#D3D3D3	-16.95	0.5	1
20	#FFFFFF	#D3D3D3	-16.5	0.95	1
20	#FFFFFF	#D3D3D3	-16.05	0.5	1
20	#FFFFFF	#D3D3D3	-16.5	0.05	1
20	#FFFFFF	#D3D3D3	-16.95	0.5	1
18	#FFFFFF	#D3D3D3	-16.45	1	1
18	#FFFFFF	#D3D3D3	-16	1.45	1
18	#FFFFFF	#D3D3D3	-15.55	1	1
18	#FFFFFF	#D3D3D3	-16	0.55	1
18	#FFFFFF	#D3D3D3	-16.45	1	1
16	#FFFFFF	#D3D3D3	-15.95	1.5	1
16	#FFFFFF	#D3D3D3	-15.5	1.95	1
16	#FFFFFF	#D3D3D3	-15.05	1.5	1
16	#FFFFFF	#D3D3D3	-15.5	1.05	1
16	#FFFFFF	#D3D3D3	-15.95	1.5	1
17	#FFFFFF	#D3D3D3	-16.45	0	1
17	#FFFFFF	#D3D3D3	-16	0.45	1
17	#FFFFFF	#D3D3D3	-15.55	0	1
17	#FFFFFF	#D3D3D3	-16	-0.45	1
17	#FFFFFF	#D3D3D3	-16.45	0	1
15	#FFFFFF	#D3D3D3	-15.95	0.5	1
15	#FFFFFF	#D3D3D3	-15.5	0.95	1
15	#FFFFFF	#D3D3D3	-15.05	0.5	1
15	#FFFFFF	#D3D3D3	-15.5	0.05	1
15	#FFFFFF	#D3D3D3	-15.95	0.5	1
14	#FFFFFF	#D3D3D3	-15.45	1	1
14	#FFFFFF	#D3D3D3	-15	1.45	1
14	#FFFFFF	#D3D3D3	-14.55	1	1
14	#FFFFFF	#D3D3D3	-15	0.55	1
14	#FFFFFF	#D3D3D3	-15.45	1	1
13	#FFFFFF	#D3D3D3	-15.45	0	1
13	#FFFFFF	#D3D3D3	-15	0.45	1
13	#FFFFFF	#D3D3D3	-14.55	0	1
13	#FFFFFF	#D3D3D3	-15	-0.45	1
13	#FFFFFF	#D3D3D3	-15.45	0	1
12	#FFFFFF	#D3D3D3	-14.95	0.5	1
12	#FFFFFF	#D3D3D3	-14.5	0.95	1
12	#FFFFFF	#D3D3D3	-14.05	0.5	1
12	#FFFFFF	#D3D3D3	-14.5	0.05	1
12	#FFFFFF	#D3D3D3	-14.95	0.5	1
11	#FFFFFF	#D3D3D3	-14.45	0	1
11	#FFFFFF	#D3D3D3	-14	0.45	1
11	#FFFFFF	#D3D3D3	-13.55	0	1
11	#FFFFFF	#D3D3D3	-14	-0.45	1
11	#FFFFFF	#D3D3D3	-14.45	0	1
